name,issued,organization_name,organization_url,administration,agriculture,construction,crime,culture,education,energy,finances,geography,health,industry,legislation,mobility,national-economy,politics,population,prices,public-order,social-security,statistical-basis,territory,tourism,trade,work,nb_visits,nb_hits,nb_hits_with_time_generation,min_time_generation,max_time_generation,sum_time_spent,bounce_count,exit_nb_visits,sum_daily_nb_uniq_visitors,avg_time_on_dimension,bounce_rate,exit_rate,avg_time_generation,metadata_segment,date
vom-covid-19-lockdown-besonders-betroffene-haushalte,2020-07-06,statistisches-amt-kanton-zuerich,https://opendata.swiss/organization/statistisches-amt-kanton-zuerich,0,0,0,0,0,1,0,0,0,1,0,0,0,0,0,1,0,0,0,0,0,0,0,0,58,87,52,18.66,27.296,2638,1,11,57,30,2%,19%,0.697,dimension2==vom-covid-19-lockdown-besonders-betroffene-haushalte,2020-10-31
lufttemperatur-und-luftfeuchte-lora-sensor-messwerte,2020-03-31,awel-kanton-zuerich,https://opendata.swiss/organization/awel-kanton-zuerich,0,0,0,0,0,0,0,0,0,0,0,0,0,0,0,0,0,0,0,0,1,0,0,0,53,82,63,32.264,41.237,2176,7,22,53,27,13%,42%,1.038,dimension2==lufttemperatur-und-luftfeuchte-lora-sensor-messwerte,2020-10-31
steuerkraft-pro-kopf-fr,2016-01-20,statistisches-amt-kanton-zuerich,https://opendata.swiss/organization/statistisches-amt-kanton-zuerich,0,0,0,0,0,0,0,1,0,0,0,0,0,0,0,0,0,0,0,0,0,0,0,0,40,55,40,13.519,17.713,451,10,17,38,8,25%,43%,0.549,dimension2==steuerkraft-pro-kopf-fr,2020-10-31
restaurants-anz,2016-01-20,statistisches-amt-kanton-zuerich,https://opendata.swiss/organization/statistisches-amt-kanton-zuerich,0,0,0,0,0,0,0,0,0,0,1,0,0,0,0,0,0,0,0,0,0,0,0,0,38,50,32,12.711,14.432,1426,0,7,38,29,0%,18%,0.55,dimension2==restaurants-anz,2020-10-31
wasserverbrauch-pro-tag-und-kopf-liter,2016-01-20,statistisches-amt-kanton-zuerich,https://opendata.swiss/organization/statistisches-amt-kanton-zuerich,0,0,0,0,0,0,0,0,0,0,0,0,0,0,0,0,0,0,0,0,1,0,0,0,38,47,36,18.15,21.119,481,12,16,37,10,32%,42%,0.707,dimension2==wasserverbrauch-pro-tag-und-kopf-liter,2020-10-31
bevolkerungsdichte-einw-km2,2016-01-20,statistisches-amt-kanton-zuerich,https://opendata.swiss/organization/statistisches-amt-kanton-zuerich,0,0,0,0,0,0,0,0,0,0,0,0,0,0,0,1,0,0,0,0,0,0,0,0,35,41,38,14.6,22.134,231,18,26,33,6,51%,74%,0.764,dimension2==bevolkerungsdichte-einw-km2,2020-10-31
jahresrechnungen-der-korperschaften-des-kantons-zurich,2016-12-13,statistisches-amt-kanton-zuerich,https://opendata.swiss/organization/statistisches-amt-kanton-zuerich,0,0,0,0,0,0,0,1,0,0,0,0,0,0,0,0,0,0,0,0,0,0,0,0,34,53,28,33.074,35.259,2167,7,14,34,41,21%,41%,1.362,dimension2==jahresrechnungen-der-korperschaften-des-kantons-zurich,2020-10-31
restaurants-pro-1000-einwohner-anz,2016-01-20,statistisches-amt-kanton-zuerich,https://opendata.swiss/organization/statistisches-amt-kanton-zuerich,0,0,0,0,0,0,0,0,0,0,1,0,0,0,0,0,0,0,0,0,0,0,0,0,34,47,28,8.283,11.294,1232,1,8,34,26,3%,24%,0.536,dimension2==restaurants-pro-1000-einwohner-anz,2020-10-31
vom-covid-19-lockdown-besonders-betroffene-haushalte,2020-07-06,statistisches-amt-kanton-zuerich,https://opendata.swiss/organization/statistisches-amt-kanton-zuerich,0,0,0,0,0,1,0,0,0,1,0,0,0,0,0,1,0,0,0,0,0,0,0,0,23,29,21,10.115,14.914,1688,0,6,22,58,0%,26%,0.795,dimension2==vom-covid-19-lockdown-besonders-betroffene-haushalte,2020-10-31
sterberate-pro-1000-einw,2016-01-20,statistisches-amt-kanton-zuerich,https://opendata.swiss/organization/statistisches-amt-kanton-zuerich,0,0,0,0,0,0,0,0,0,0,0,0,0,0,0,1,0,0,0,0,0,0,0,0,19,29,19,9.797,10.7,381,2,7,19,13,11%,37%,0.642,dimension2==sterberate-pro-1000-einw,2020-10-31
steuerkraft-berichtigt-pro-kopf-fr,2016-01-20,statistisches-amt-kanton-zuerich,https://opendata.swiss/organization/statistisches-amt-kanton-zuerich,0,0,0,0,0,0,0,1,0,0,0,0,0,0,0,0,0,0,0,0,0,0,0,0,18,33,19,8.322,10.181,1592,0,3,16,48,0%,17%,0.608,dimension2==steuerkraft-berichtigt-pro-kopf-fr,2020-10-31
anteil-gk-a,2016-09-22,statistisches-amt-kanton-zuerich,https://opendata.swiss/organization/statistisches-amt-kanton-zuerich,0,0,0,0,0,0,0,0,0,0,0,0,1,0,0,0,0,0,0,0,0,0,0,0,14,22,16,7.174,10.489,137,0,2,14,6,0%,14%,0.686,dimension2==anteil-gk-a,2020-10-31
personenwagen-pro-1000-einwohner-anz,2016-01-20,statistisches-amt-kanton-zuerich,https://opendata.swiss/organization/statistisches-amt-kanton-zuerich,0,0,0,0,0,0,0,0,0,0,0,0,1,0,0,0,0,0,0,0,0,0,0,0,14,26,15,4.295,7.399,381,0,1,13,15,0%,7%,0.521,dimension2==personenwagen-pro-1000-einwohner-anz,2020-10-31
bevolkerung-pers,2016-01-20,statistisches-amt-kanton-zuerich,https://opendata.swiss/organization/statistisches-amt-kanton-zuerich,0,0,0,0,0,0,0,0,0,0,0,0,0,0,0,1,0,0,0,0,0,0,0,0,13,17,14,6.406,12.717,342,0,2,13,20,0%,15%,0.912,dimension2==bevolkerung-pers,2020-10-31
ov-anteil-modal-split,2016-01-20,statistisches-amt-kanton-zuerich,https://opendata.swiss/organization/statistisches-amt-kanton-zuerich,0,0,0,0,0,0,0,0,0,0,0,0,1,0,0,0,0,0,0,0,0,0,0,0,12,19,15,4.366,5.952,206,3,5,12,11,25%,42%,0.74,dimension2==ov-anteil-modal-split,2020-10-31
neu-gegrundete-unternehmen-total-anz,2017-05-26,statistisches-amt-kanton-zuerich,https://opendata.swiss/organization/statistisches-amt-kanton-zuerich,0,0,0,0,0,0,0,0,0,0,0,0,0,0,0,0,0,0,0,0,0,0,0,1,10,13,6,4.099,4.099,130,0,2,10,10,0%,20%,0.683,dimension2==neu-gegrundete-unternehmen-total-anz,2020-10-31
sterbefalle-pers,2016-01-20,statistisches-amt-kanton-zuerich,https://opendata.swiss/organization/statistisches-amt-kanton-zuerich,0,0,0,0,0,0,0,0,0,0,0,0,0,0,0,1,0,0,0,0,0,0,0,0,10,13,9,3.183,3.857,73,1,3,10,6,10%,30%,0.429,dimension2==sterbefalle-pers,2020-10-31
anteil-landwirtschaftsflache,2016-01-20,statistisches-amt-kanton-zuerich,https://opendata.swiss/organization/statistisches-amt-kanton-zuerich,0,0,0,0,0,0,0,0,1,0,0,0,0,0,0,0,0,0,0,0,0,0,0,0,9,13,10,3.083,4.129,287,1,3,9,22,11%,33%,0.487,dimension2==anteil-landwirtschaftsflache,2020-10-31
baulandpreis-modell-median-fr-m2,2016-01-20,statistisches-amt-kanton-zuerich,https://opendata.swiss/organization/statistisches-amt-kanton-zuerich,0,0,0,0,0,0,0,0,0,0,0,0,0,0,0,0,1,0,0,0,0,0,0,0,9,12,6,2.442,2.985,38,1,6,9,3,11%,67%,0.713,dimension2==baulandpreis-modell-median-fr-m2,2020-10-31
auslanderanteil,2016-01-20,statistisches-amt-kanton-zuerich,https://opendata.swiss/organization/statistisches-amt-kanton-zuerich,0,0,0,0,0,0,0,0,0,0,0,0,0,0,0,1,0,0,0,0,0,0,0,0,8,10,8,6.142,7.065,501,1,3,8,50,13%,38%,0.888,dimension2==auslanderanteil,2020-10-31
verkaufe-von-unbebautem-land-anz,2016-01-20,statistisches-amt-kanton-zuerich,https://opendata.swiss/organization/statistisches-amt-kanton-zuerich,0,0,0,0,0,0,0,0,0,0,0,0,0,0,0,0,1,0,0,0,0,0,0,0,8,10,6,6.257,7.245,108,0,0,8,11,0%,0%,1.224,dimension2==verkaufe-von-unbebautem-land-anz,2020-10-31
kuhe-anz,2016-01-20,statistisches-amt-kanton-zuerich,https://opendata.swiss/organization/statistisches-amt-kanton-zuerich,0,1,0,0,0,0,0,0,0,0,0,0,0,0,0,0,0,0,0,0,0,0,0,0,7,9,6,2.44,2.905,60,0,1,7,7,0%,14%,0.484,dimension2==kuhe-anz,2020-10-31
personalsteuerpflichtige-anz,2019-07-01,statistisches-amt-kanton-zuerich,https://opendata.swiss/organization/statistisches-amt-kanton-zuerich,0,0,0,0,0,0,0,1,0,0,0,0,0,0,0,0,0,0,0,0,0,0,0,0,7,10,4,1.272,1.291,2605,0,0,7,261,0%,0%,0.431,dimension2==personalsteuerpflichtige-anz,2020-10-31
gesamtsteuerfuss-ohne-kirchen,2016-01-20,statistisches-amt-kanton-zuerich,https://opendata.swiss/organization/statistisches-amt-kanton-zuerich,0,0,0,0,0,0,0,1,0,0,0,0,0,0,0,0,0,0,0,0,0,0,0,0,7,11,8,3.026,3.973,48,0,4,7,4,0%,57%,0.628,dimension2==gesamtsteuerfuss-ohne-kirchen,2020-10-31
krw-wahleranteil-svp,2016-01-20,statistisches-amt-kanton-zuerich,https://opendata.swiss/organization/statistisches-amt-kanton-zuerich,0,0,0,0,0,0,0,0,0,0,0,0,0,0,1,0,0,0,0,0,0,0,0,0,7,8,5,8.075,8.075,79,0,1,7,10,0%,14%,1.615,dimension2==krw-wahleranteil-svp,2020-10-31
efh-bestand-whg,2016-01-20,statistisches-amt-kanton-zuerich,https://opendata.swiss/organization/statistisches-amt-kanton-zuerich,0,0,1,0,0,0,0,0,0,0,0,0,0,0,0,0,0,0,0,0,0,0,0,0,7,10,8,9.367,10.436,295,0,2,7,30,0%,29%,1.398,dimension2==efh-bestand-whg,2020-10-31
anteil-efh-am-wohnungsbestand,2016-01-20,statistisches-amt-kanton-zuerich,https://opendata.swiss/organization/statistisches-amt-kanton-zuerich,0,0,1,0,0,0,0,0,0,0,0,0,0,0,0,0,0,0,0,0,0,0,0,0,7,9,6,5.028,5.714,95,0,0,7,11,0%,0%,0.958,dimension2==anteil-efh-am-wohnungsbestand,2020-10-31
nettoaufwand-finanzen-und-steuern-fr-einw,2016-01-20,statistisches-amt-kanton-zuerich,https://opendata.swiss/organization/statistisches-amt-kanton-zuerich,0,0,0,0,0,0,0,1,0,0,0,0,0,0,0,0,0,0,0,0,0,0,0,0,7,9,7,3.338,4.52,425,3,3,7,47,43%,43%,0.647,dimension2==nettoaufwand-finanzen-und-steuern-fr-einw,2020-10-31
steuerbares-einkommen-naturliche-pers-mio-fr,2016-01-20,statistisches-amt-kanton-zuerich,https://opendata.swiss/organization/statistisches-amt-kanton-zuerich,0,0,0,0,0,0,0,1,0,0,0,0,0,0,0,0,0,0,0,0,0,0,0,0,7,9,6,4.451,5.584,101,0,2,7,11,0%,29%,0.934,dimension2==steuerbares-einkommen-naturliche-pers-mio-fr,2020-10-31
arbeitslosenanteil-an-bevolkerung-15-64-jahre,2016-01-20,statistisches-amt-kanton-zuerich,https://opendata.swiss/organization/statistisches-amt-kanton-zuerich,0,0,0,0,0,0,0,0,0,0,0,0,0,0,0,0,0,0,0,0,0,0,0,1,6,9,5,3.182,3.182,144,0,0,6,16,0%,0%,0.636,dimension2==arbeitslosenanteil-an-bevolkerung-15-64-jahre,2020-10-31
bevolkerung-anteil-20-39-jahrige,2016-01-20,statistisches-amt-kanton-zuerich,https://opendata.swiss/organization/statistisches-amt-kanton-zuerich,0,0,0,0,0,0,0,0,0,0,0,0,0,0,0,1,0,0,0,0,0,0,0,0,6,9,4,1.298,2.136,71,0,2,6,8,0%,33%,0.535,dimension2==bevolkerung-anteil-20-39-jahrige,2020-10-31
vom-covid-19-lockdown-besonders-betroffene-haushalte,2020-07-06,statistisches-amt-kanton-zuerich,https://opendata.swiss/organization/statistisches-amt-kanton-zuerich,0,0,0,0,0,1,0,0,0,1,0,0,0,0,0,1,0,0,0,0,0,0,0,0,6,7,4,2.615,2.615,1458,0,0,6,208,0%,0%,0.654,dimension2==vom-covid-19-lockdown-besonders-betroffene-haushalte,2020-10-31
unfalle-pro-1000-einw,2016-09-22,statistisches-amt-kanton-zuerich,https://opendata.swiss/organization/statistisches-amt-kanton-zuerich,0,0,0,0,0,0,0,0,0,0,0,0,1,0,0,0,0,0,0,0,0,0,0,0,6,9,3,2.262,2.262,1132,0,0,6,126,0%,0%,0.754,dimension2==unfalle-pro-1000-einw,2020-10-31
geburten-pers,2016-01-20,statistisches-amt-kanton-zuerich,https://opendata.swiss/organization/statistisches-amt-kanton-zuerich,0,0,0,0,0,0,0,0,0,0,0,0,0,0,0,1,0,0,0,0,0,0,0,0,6,6,6,4.708,4.708,20,0,0,6,3,0%,0%,0.785,dimension2==geburten-pers,2020-10-31
steuerertrag-von-naturlichen-personen-mio-fr,2016-01-20,statistisches-amt-kanton-zuerich,https://opendata.swiss/organization/statistisches-amt-kanton-zuerich,0,0,0,0,0,0,0,1,0,0,0,0,0,0,0,0,0,0,0,0,0,0,0,0,6,9,4,3.533,3.533,1647,0,0,6,183,0%,0%,0.883,dimension2==steuerertrag-von-naturlichen-personen-mio-fr,2020-10-31
sozialhilfequote,2016-01-20,statistisches-amt-kanton-zuerich,https://opendata.swiss/organization/statistisches-amt-kanton-zuerich,0,0,0,0,0,0,0,0,0,0,0,0,0,0,0,0,0,0,1,0,0,0,0,0,6,7,6,2.028,2.498,41,3,4,6,6,50%,67%,0.418,dimension2==sozialhilfequote,2020-10-31
gemeindebeitrag-an-zvv-1000-fr,2016-01-20,statistisches-amt-kanton-zuerich,https://opendata.swiss/organization/statistisches-amt-kanton-zuerich,0,0,0,0,0,0,0,0,0,0,0,0,1,0,0,0,0,0,0,0,0,0,0,0,6,8,3,1.852,2.375,46,0,2,6,6,0%,33%,0.942,dimension2==gemeindebeitrag-an-zvv-1000-fr,2020-10-31
steuerfuss-juristische-personen,2016-11-18,statistisches-amt-kanton-zuerich,https://opendata.swiss/organization/statistisches-amt-kanton-zuerich,0,0,0,0,0,0,0,1,0,0,0,0,0,0,0,0,0,0,0,0,0,0,0,0,5,8,6,1.618,2.326,159,0,2,5,20,0%,40%,0.524,dimension2==steuerfuss-juristische-personen,2020-10-31
arbeitslose-anz,2016-01-20,statistisches-amt-kanton-zuerich,https://opendata.swiss/organization/statistisches-amt-kanton-zuerich,0,0,0,0,0,0,0,0,0,0,0,0,0,0,0,0,0,0,0,0,0,0,0,1,5,7,5,2.206,2.622,77,0,0,5,11,0%,0%,0.525,dimension2==arbeitslose-anz,2020-10-31
steuerkraft-berichtigt-mio-fr,2016-01-20,statistisches-amt-kanton-zuerich,https://opendata.swiss/organization/statistisches-amt-kanton-zuerich,0,0,0,0,0,0,0,1,0,0,0,0,0,0,0,0,0,0,0,0,0,0,0,0,5,12,6,0.663,1.389,153,0,0,5,13,0%,0%,0.561,dimension2==steuerkraft-berichtigt-mio-fr,2020-10-31
scheidungen-pro-1000-einw,2016-01-20,statistisches-amt-kanton-zuerich,https://opendata.swiss/organization/statistisches-amt-kanton-zuerich,0,0,0,0,0,0,0,0,0,0,0,0,0,0,0,1,0,0,0,0,0,0,0,0,5,9,4,1.426,2.476,1020,0,0,5,113,0%,0%,0.622,dimension2==scheidungen-pro-1000-einw,2020-10-31
anteil-siedlungsflache,2016-01-20,statistisches-amt-kanton-zuerich,https://opendata.swiss/organization/statistisches-amt-kanton-zuerich,0,0,0,0,0,0,0,0,1,0,0,0,0,0,0,0,0,0,0,0,0,0,0,0,5,7,3,1.493,1.493,169,0,0,5,24,0%,0%,0.498,dimension2==anteil-siedlungsflache,2020-10-31
bevolkerung-frauen-pers,2016-01-20,statistisches-amt-kanton-zuerich,https://opendata.swiss/organization/statistisches-amt-kanton-zuerich,0,0,0,0,0,0,0,0,0,0,0,0,0,0,0,1,0,0,0,0,0,0,0,0,5,6,5,2.839,3.547,51,0,0,5,9,0%,0%,0.711,dimension2==bevolkerung-frauen-pers,2020-10-31
wohnungsbestand-whg,2016-01-20,statistisches-amt-kanton-zuerich,https://opendata.swiss/organization/statistisches-amt-kanton-zuerich,0,0,1,0,0,0,0,0,0,0,0,0,0,0,0,0,0,0,0,0,0,0,0,0,5,7,3,8.25,8.25,87,0,1,5,12,0%,20%,2.75,dimension2==wohnungsbestand-whg,2020-10-31
beschaftigte-landwirtschaft-pers,2016-01-20,statistisches-amt-kanton-zuerich,https://opendata.swiss/organization/statistisches-amt-kanton-zuerich,0,1,0,0,0,0,0,0,0,0,0,0,0,0,0,0,0,0,0,0,0,0,0,0,5,8,3,0.59,0.59,611,0,0,5,76,0%,0%,0.197,dimension2==beschaftigte-landwirtschaft-pers,2020-10-31
mittlere-betriebe-50-249-vza-anz,2016-01-20,statistisches-amt-kanton-zuerich,https://opendata.swiss/organization/statistisches-amt-kanton-zuerich,0,0,0,0,0,0,0,0,0,0,0,0,0,0,0,0,0,0,0,0,0,0,0,1,5,6,4,0.04,0.717,17,3,4,4,3,60%,80%,0.18,dimension2==mittlere-betriebe-50-249-vza-anz,2020-10-31
steuerkraft-ber-arith-mittel-3-jahre-mio-fr,2016-01-20,statistisches-amt-kanton-zuerich,https://opendata.swiss/organization/statistisches-amt-kanton-zuerich,0,0,0,0,0,0,0,1,0,0,0,0,0,0,0,0,0,0,0,0,0,0,0,0,5,16,10,1.042,3.238,305,0,1,5,19,0%,20%,0.523,dimension2==steuerkraft-ber-arith-mittel-3-jahre-mio-fr,2020-10-31
total-beschaftigte-anz,2016-01-20,statistisches-amt-kanton-zuerich,https://opendata.swiss/organization/statistisches-amt-kanton-zuerich,0,0,0,0,0,0,0,0,0,0,0,0,0,0,0,0,0,0,0,0,0,0,0,1,5,6,3,2.539,2.539,574,0,1,5,96,0%,20%,0.846,dimension2==total-beschaftigte-anz,2020-10-31
bevolkerung-reformiert-pers,2016-01-20,statistisches-amt-kanton-zuerich,https://opendata.swiss/organization/statistisches-amt-kanton-zuerich,0,0,0,0,0,0,0,0,0,0,0,0,0,0,0,1,0,0,0,0,0,0,0,0,5,10,7,0.004,1.231,26,1,2,4,3,20%,40%,0.306,dimension2==bevolkerung-reformiert-pers,2020-10-31
wahlbeteiligung-nationalrat,2016-01-20,statistisches-amt-kanton-zuerich,https://opendata.swiss/organization/statistisches-amt-kanton-zuerich,0,0,0,0,0,0,0,0,0,0,0,0,0,0,1,0,0,0,0,0,0,0,0,0,5,6,4,2.796,3.123,1047,0,0,5,175,0%,0%,0.781,dimension2==wahlbeteiligung-nationalrat,2020-10-31
steuerertrag-allgemeine-gemeindesteuern-mio-fr,2016-09-02,statistisches-amt-kanton-zuerich,https://opendata.swiss/organization/statistisches-amt-kanton-zuerich,0,0,0,0,0,0,0,1,0,0,0,0,0,0,0,0,0,0,0,0,0,0,0,0,4,5,3,1.556,2.294,198,0,0,4,40,0%,0%,0.918,dimension2==steuerertrag-allgemeine-gemeindesteuern-mio-fr,2020-10-31
rinderviehbestand-anz,2016-01-20,statistisches-amt-kanton-zuerich,https://opendata.swiss/organization/statistisches-amt-kanton-zuerich,0,1,0,0,0,0,0,0,0,0,0,0,0,0,0,0,0,0,0,0,0,0,0,0,4,4,3,1.254,1.254,84,0,0,4,21,0%,0%,0.418,dimension2==rinderviehbestand-anz,2020-10-31
steuerb-einkommen-naturl-pers-median-fr,2016-01-20,statistisches-amt-kanton-zuerich,https://opendata.swiss/organization/statistisches-amt-kanton-zuerich,0,0,0,0,0,0,0,1,0,0,0,0,0,0,0,0,0,0,0,0,0,0,0,0,4,6,4,2.37,2.901,110,0,0,4,18,0%,0%,0.728,dimension2==steuerb-einkommen-naturl-pers-median-fr,2020-10-31
bauinv-industr-lager-5-jahre-fr-einw,2016-01-20,statistisches-amt-kanton-zuerich,https://opendata.swiss/organization/statistisches-amt-kanton-zuerich,0,0,1,0,0,0,0,0,0,0,0,0,0,0,0,0,0,0,0,0,0,0,0,0,4,6,3,1.203,2.332,75,0,0,4,13,0%,0%,0.778,dimension2==bauinv-industr-lager-5-jahre-fr-einw,2020-10-31
weg-zur-nachsten-haltestelle-m,2016-01-20,statistisches-amt-kanton-zuerich,https://opendata.swiss/organization/statistisches-amt-kanton-zuerich,0,0,0,0,0,0,0,0,0,0,0,0,1,0,0,0,0,0,0,0,0,0,0,0,4,8,5,1.502,2.229,120,0,0,4,15,0%,0%,0.879,dimension2==weg-zur-nachsten-haltestelle-m,2020-10-31
15-jahresverbrauch-ha,2016-01-20,statistisches-amt-kanton-zuerich,https://opendata.swiss/organization/statistisches-amt-kanton-zuerich,0,0,1,0,0,0,0,0,0,0,0,0,0,0,0,0,0,0,0,0,0,0,0,0,4,7,4,0.571,1.121,2209,0,2,3,316,0%,50%,0.804,dimension2==15-jahresverbrauch-ha,2020-10-31
landwirtschaftliche-nutzflache-ha,2016-01-20,statistisches-amt-kanton-zuerich,https://opendata.swiss/organization/statistisches-amt-kanton-zuerich,0,1,0,0,0,0,0,0,0,0,0,0,0,0,0,0,0,0,0,0,0,0,0,0,4,6,4,1.659,2.286,22,0,1,4,4,0%,25%,0.579,dimension2==landwirtschaftliche-nutzflache-ha,2020-10-31
schul-kindergarten-anz,2016-01-20,statistisches-amt-kanton-zuerich,https://opendata.swiss/organization/statistisches-amt-kanton-zuerich,0,0,0,0,0,1,0,0,0,0,0,0,0,0,0,0,0,0,0,0,0,0,0,0,4,9,4,0.027,1.207,134,0,0,4,15,0%,0%,0.309,dimension2==schul-kindergarten-anz,2020-10-31
bevolkerung-katholisch-pers,2016-01-20,statistisches-amt-kanton-zuerich,https://opendata.swiss/organization/statistisches-amt-kanton-zuerich,0,0,0,0,0,0,0,0,0,0,0,0,0,0,0,1,0,0,0,0,0,0,0,0,4,6,3,4.678,4.678,22,0,0,4,4,0%,0%,1.559,dimension2==bevolkerung-katholisch-pers,2020-10-31
landwirtschaftsbetriebe-anz,2016-01-20,statistisches-amt-kanton-zuerich,https://opendata.swiss/organization/statistisches-amt-kanton-zuerich,0,1,0,0,0,0,0,0,0,0,0,0,0,0,0,0,0,0,0,0,0,0,0,0,4,5,3,0.754,0.754,15,0,1,4,3,0%,25%,0.251,dimension2==landwirtschaftsbetriebe-anz,2020-10-31
bauzonen-ha,2016-01-20,statistisches-amt-kanton-zuerich,https://opendata.swiss/organization/statistisches-amt-kanton-zuerich,0,0,1,0,0,0,0,0,0,0,0,0,0,0,0,0,0,0,0,0,0,0,0,0,4,6,6,1.551,1.777,67,0,2,4,11,0%,50%,0.543,dimension2==bauzonen-ha,2020-10-31
gebaudevolumen-1000-m3,2016-01-20,statistisches-amt-kanton-zuerich,https://opendata.swiss/organization/statistisches-amt-kanton-zuerich,0,0,1,0,0,0,0,0,0,0,0,0,0,0,0,0,0,0,0,0,0,0,0,0,4,7,6,1.495,2.462,224,1,1,4,32,25%,25%,0.526,dimension2==gebaudevolumen-1000-m3,2020-10-31
steuerertrag-total-mio-fr,2016-01-20,statistisches-amt-kanton-zuerich,https://opendata.swiss/organization/statistisches-amt-kanton-zuerich,0,0,0,0,0,0,0,1,0,0,0,0,0,0,0,0,0,0,0,0,0,0,0,0,4,5,5,1.83,3.064,72,0,1,4,14,0%,25%,0.763,dimension2==steuerertrag-total-mio-fr,2020-10-31
anteil-1-personenhaushalte,2016-01-20,statistisches-amt-kanton-zuerich,https://opendata.swiss/organization/statistisches-amt-kanton-zuerich,0,0,0,0,0,0,0,0,0,0,0,0,0,0,0,1,0,0,0,0,0,0,0,0,4,4,3,2.876,2.876,23,0,0,4,6,0%,0%,0.959,dimension2==anteil-1-personenhaushalte,2020-10-31
miv-anteil-modal-split,2016-01-20,statistisches-amt-kanton-zuerich,https://opendata.swiss/organization/statistisches-amt-kanton-zuerich,0,0,0,0,0,0,0,0,0,0,0,0,1,0,0,0,0,0,0,0,0,0,0,0,4,6,6,1.646,3.406,17,2,2,4,3,50%,50%,0.568,dimension2==miv-anteil-modal-split,2020-10-31
steuerkraft-mio-fr,2016-01-20,statistisches-amt-kanton-zuerich,https://opendata.swiss/organization/statistisches-amt-kanton-zuerich,0,0,0,0,0,0,0,1,0,0,0,0,0,0,0,0,0,0,0,0,0,0,0,0,4,6,2,1.204,1.204,28,0,1,4,5,0%,25%,0.602,dimension2==steuerkraft-mio-fr,2020-10-31
bevolkerungszunahme-5-jahre-pers,2016-01-20,statistisches-amt-kanton-zuerich,https://opendata.swiss/organization/statistisches-amt-kanton-zuerich,0,0,0,0,0,0,0,0,0,0,0,0,0,0,0,1,0,0,0,0,0,0,0,0,4,5,2,1.409,1.409,516,0,1,4,103,0%,25%,0.705,dimension2==bevolkerungszunahme-5-jahre-pers,2020-10-31
krw-wahleranteil-gp,2016-01-20,statistisches-amt-kanton-zuerich,https://opendata.swiss/organization/statistisches-amt-kanton-zuerich,0,0,0,0,0,0,0,0,0,0,0,0,0,0,1,0,0,0,0,0,0,0,0,0,3,4,1,0.51,0.51,48,0,0,3,12,0%,0%,0.51,dimension2==krw-wahleranteil-gp,2020-10-31
mikrobetriebe-0-9-vza-anz,2016-01-20,statistisches-amt-kanton-zuerich,https://opendata.swiss/organization/statistisches-amt-kanton-zuerich,0,0,0,0,0,0,0,0,0,0,0,0,0,0,0,0,0,0,0,0,0,0,0,1,3,3,3,2.001,2.001,0,3,3,3,0,100%,100%,0.667,dimension2==mikrobetriebe-0-9-vza-anz,2020-10-31
nrw-wahleranteil-glp,2016-01-20,statistisches-amt-kanton-zuerich,https://opendata.swiss/organization/statistisches-amt-kanton-zuerich,0,0,0,0,0,0,0,0,0,0,0,0,0,0,1,0,0,0,0,0,0,0,0,0,3,3,3,3.488,3.488,4,0,0,3,1,0%,0%,1.163,dimension2==nrw-wahleranteil-glp,2020-10-31
anteil-vollzeitbeschaftigte-landwirtschaft,2016-01-20,statistisches-amt-kanton-zuerich,https://opendata.swiss/organization/statistisches-amt-kanton-zuerich,0,1,0,0,0,0,0,0,0,0,0,0,0,0,0,0,0,0,0,0,0,0,0,0,3,4,2,1.113,1.113,83,0,0,3,21,0%,0%,0.557,dimension2==anteil-vollzeitbeschaftigte-landwirtschaft,2020-10-31
verkaufe-mfh-anz,2016-01-20,statistisches-amt-kanton-zuerich,https://opendata.swiss/organization/statistisches-amt-kanton-zuerich,0,0,1,0,0,0,0,0,0,0,0,0,0,0,0,0,0,0,0,0,0,0,0,0,3,4,4,2.204,3.177,35,0,0,3,9,0%,0%,0.796,dimension2==verkaufe-mfh-anz,2020-10-31
anteil-verkehrsflache,2016-01-20,statistisches-amt-kanton-zuerich,https://opendata.swiss/organization/statistisches-amt-kanton-zuerich,0,0,0,0,0,0,0,0,1,0,0,0,0,0,0,0,0,0,0,0,0,0,0,0,3,4,4,1.601,1.858,14,1,2,3,4,33%,67%,0.573,dimension2==anteil-verkehrsflache,2020-10-31
grosse-betriebe-250-vza-anz,2016-01-20,statistisches-amt-kanton-zuerich,https://opendata.swiss/organization/statistisches-amt-kanton-zuerich,0,0,0,0,0,0,0,0,0,0,0,0,0,0,0,0,0,0,0,0,0,0,0,1,3,4,2,1.165,1.165,18,0,0,3,5,0%,0%,0.583,dimension2==grosse-betriebe-250-vza-anz,2020-10-31
bauinv-dienstl-5-jahre-fr-einw,2016-01-20,statistisches-amt-kanton-zuerich,https://opendata.swiss/organization/statistisches-amt-kanton-zuerich,0,0,1,0,0,0,0,0,0,0,0,0,0,0,0,0,0,0,0,0,0,0,0,0,3,5,1,0.904,0.904,26,0,1,3,5,0%,33%,0.904,dimension2==bauinv-dienstl-5-jahre-fr-einw,2020-10-31
krw-wahleranteil-cvp,2016-01-20,statistisches-amt-kanton-zuerich,https://opendata.swiss/organization/statistisches-amt-kanton-zuerich,0,0,0,0,0,0,0,0,0,0,0,0,0,0,1,0,0,0,0,0,0,0,0,0,3,4,1,0.716,0.716,28,1,1,3,7,33%,33%,0.716,dimension2==krw-wahleranteil-cvp,2020-10-31
bevolkerung-heimat-schweiz-pers,2016-01-20,statistisches-amt-kanton-zuerich,https://opendata.swiss/organization/statistisches-amt-kanton-zuerich,0,0,0,0,0,0,0,0,0,0,0,0,0,0,0,1,0,0,0,0,0,0,0,0,3,5,3,0.388,0.899,25,0,0,3,5,0%,0%,0.304,dimension2==bevolkerung-heimat-schweiz-pers,2020-10-31
leerwohnungsquote,2016-01-20,statistisches-amt-kanton-zuerich,https://opendata.swiss/organization/statistisches-amt-kanton-zuerich,0,0,1,0,0,0,0,0,0,0,0,0,0,0,0,0,0,0,0,0,0,0,0,0,3,4,2,2.4,2.4,74,0,0,3,19,0%,0%,1.2,dimension2==leerwohnungsquote,2020-10-31
schul-kindergarten-pro-1000-einw,2016-01-20,statistisches-amt-kanton-zuerich,https://opendata.swiss/organization/statistisches-amt-kanton-zuerich,0,0,0,0,0,1,0,0,0,0,0,0,0,0,0,0,0,0,0,0,0,0,0,0,3,6,3,0.698,1.076,104,0,0,3,17,0%,0%,0.369,dimension2==schul-kindergarten-pro-1000-einw,2020-10-31
hotelbetten-pro-1000-einwohner-anz,2016-01-20,statistisches-amt-kanton-zuerich,https://opendata.swiss/organization/statistisches-amt-kanton-zuerich,0,0,0,0,0,0,0,0,0,0,1,0,0,0,0,0,0,0,0,0,0,0,0,0,3,3,3,2.421,2.421,0,3,3,3,0,100%,100%,0.807,dimension2==hotelbetten-pro-1000-einwohner-anz,2020-10-31
bevolkerungszunahme-1-jahr-pers,2016-01-20,statistisches-amt-kanton-zuerich,https://opendata.swiss/organization/statistisches-amt-kanton-zuerich,0,0,0,0,0,0,0,0,0,0,0,0,0,0,0,1,0,0,0,0,0,0,0,0,3,4,3,1.987,1.987,40,0,2,3,10,0%,67%,0.662,dimension2==bevolkerungszunahme-1-jahr-pers,2020-10-31
kehrichtmengen-tonnen,2016-01-20,statistisches-amt-kanton-zuerich,https://opendata.swiss/organization/statistisches-amt-kanton-zuerich,0,0,0,0,0,0,0,0,0,0,0,0,0,0,0,0,0,0,0,0,1,0,0,0,3,4,2,2.331,2.331,273,0,1,3,68,0%,33%,1.166,dimension2==kehrichtmengen-tonnen,2020-10-31
steuerb-vermogen-naturl-pers-durchschn-fr,2016-01-20,statistisches-amt-kanton-zuerich,https://opendata.swiss/organization/statistisches-amt-kanton-zuerich,0,0,0,0,0,0,0,1,0,0,0,0,0,0,0,0,0,0,0,0,0,0,0,0,3,3,1,0.524,0.524,47,0,1,3,16,0%,33%,0.524,dimension2==steuerb-vermogen-naturl-pers-durchschn-fr,2020-10-31
krw-wahleranteil-sd,2016-01-20,statistisches-amt-kanton-zuerich,https://opendata.swiss/organization/statistisches-amt-kanton-zuerich,0,0,0,0,0,0,0,0,0,0,0,0,0,0,1,0,0,0,0,0,0,0,0,0,3,4,1,0.849,0.849,2,1,2,2,1,33%,67%,0.849,dimension2==krw-wahleranteil-sd,2020-10-31
bevolkerung-durchschnittsalter-jahre,2016-01-20,statistisches-amt-kanton-zuerich,https://opendata.swiss/organization/statistisches-amt-kanton-zuerich,0,0,0,0,0,0,0,0,0,0,0,0,0,0,0,1,0,0,0,0,0,0,0,0,3,4,4,1.593,2.41,45,0,0,2,11,0%,0%,0.71,dimension2==bevolkerung-durchschnittsalter-jahre,2020-10-31
steuerkraft-arith-mittel-3-jahre-mio-fr,2016-01-20,statistisches-amt-kanton-zuerich,https://opendata.swiss/organization/statistisches-amt-kanton-zuerich,0,0,0,0,0,0,0,1,0,0,0,0,0,0,0,0,0,0,0,0,0,0,0,0,3,4,2,0.773,0.773,40,0,1,3,10,0%,33%,0.387,dimension2==steuerkraft-arith-mittel-3-jahre-mio-fr,2020-10-31
altpapiermengen-tonnen,2016-01-20,statistisches-amt-kanton-zuerich,https://opendata.swiss/organization/statistisches-amt-kanton-zuerich,0,0,0,0,0,0,0,0,0,0,0,0,0,0,0,0,0,0,0,0,1,0,0,0,3,5,1,0.478,0.478,152,0,0,3,30,0%,0%,0.478,dimension2==altpapiermengen-tonnen,2020-10-31
krw-wahleranteil-evp,2016-01-20,statistisches-amt-kanton-zuerich,https://opendata.swiss/organization/statistisches-amt-kanton-zuerich,0,0,0,0,0,0,0,0,0,0,0,0,0,0,1,0,0,0,0,0,0,0,0,0,2,3,0,0,0,136,0,0,2,45,0%,0%,0,dimension2==krw-wahleranteil-evp,2020-10-31
arbeitslose-anz,2016-01-20,statistisches-amt-kanton-zuerich,https://opendata.swiss/organization/statistisches-amt-kanton-zuerich,0,0,0,0,0,0,0,0,0,0,0,0,0,0,0,0,0,0,0,0,0,0,0,1,2,3,3,0.299,0.715,3,0,0,2,1,0%,0%,0.239,dimension2==arbeitslose-anz,2020-10-31
arbeitslose-anz,2016-01-20,statistisches-amt-kanton-zuerich,https://opendata.swiss/organization/statistisches-amt-kanton-zuerich,0,0,0,0,0,0,0,0,0,0,0,0,0,0,0,0,0,0,0,0,0,0,0,1,2,3,3,0.299,0.715,3,0,0,2,1,0%,0%,0.239,dimension2==arbeitslose-anz,2020-10-31
steuerertrag-von-juristischen-personen-mio-fr,2016-01-20,statistisches-amt-kanton-zuerich,https://opendata.swiss/organization/statistisches-amt-kanton-zuerich,0,0,0,0,0,0,0,1,0,0,0,0,0,0,0,0,0,0,0,0,0,0,0,0,2,4,3,0.59,1.477,71,0,1,2,18,0%,50%,0.494,dimension2==steuerertrag-von-juristischen-personen-mio-fr,2020-10-31
o-steuerbares-einkommen-naturliche-pers-fr,2016-01-20,statistisches-amt-kanton-zuerich,https://opendata.swiss/organization/statistisches-amt-kanton-zuerich,0,0,0,0,0,0,0,1,0,0,0,0,0,0,0,0,0,0,0,0,0,0,0,0,2,3,1,0.93,0.93,2,0,1,2,1,0%,50%,0.93,dimension2==o-steuerbares-einkommen-naturliche-pers-fr,2020-10-31
bruttoinvestitionen-fr-einw,2016-01-20,statistisches-amt-kanton-zuerich,https://opendata.swiss/organization/statistisches-amt-kanton-zuerich,0,0,0,0,0,0,0,1,0,0,0,0,0,0,0,0,0,0,0,0,0,0,0,0,2,3,3,0.54,1.106,5,0,0,2,2,0%,0%,0.369,dimension2==bruttoinvestitionen-fr-einw,2020-10-31
bruttoinvestitionen-fr-einw,2016-01-20,statistisches-amt-kanton-zuerich,https://opendata.swiss/organization/statistisches-amt-kanton-zuerich,0,0,0,0,0,0,0,1,0,0,0,0,0,0,0,0,0,0,0,0,0,0,0,0,2,3,3,0.54,1.106,5,0,0,2,2,0%,0%,0.369,dimension2==bruttoinvestitionen-fr-einw,2020-10-31
bruttoinvestitionen-fr-einw,2016-01-20,statistisches-amt-kanton-zuerich,https://opendata.swiss/organization/statistisches-amt-kanton-zuerich,0,0,0,0,0,0,0,1,0,0,0,0,0,0,0,0,0,0,0,0,0,0,0,0,2,3,3,0.54,1.106,5,0,0,2,2,0%,0%,0.369,dimension2==bruttoinvestitionen-fr-einw,2020-10-31
aerzte-pro-1000-einw,2016-01-20,statistisches-amt-kanton-zuerich,https://opendata.swiss/organization/statistisches-amt-kanton-zuerich,0,0,0,0,0,0,0,0,0,1,0,0,0,0,0,0,0,0,0,0,0,0,0,0,2,2,2,1.798,1.798,15,0,0,2,8,0%,0%,0.899,dimension2==aerzte-pro-1000-einw,2020-10-31
aerzte-pro-1000-einw,2016-01-20,statistisches-amt-kanton-zuerich,https://opendata.swiss/organization/statistisches-amt-kanton-zuerich,0,0,0,0,0,0,0,0,0,1,0,0,0,0,0,0,0,0,0,0,0,0,0,0,2,2,2,1.798,1.798,15,0,0,2,8,0%,0%,0.899,dimension2==aerzte-pro-1000-einw,2020-10-31
geburtenrate-pro-1000-einw,2016-01-20,statistisches-amt-kanton-zuerich,https://opendata.swiss/organization/statistisches-amt-kanton-zuerich,0,0,0,0,0,0,0,0,0,0,0,0,0,0,0,1,0,0,0,0,0,0,0,0,2,2,2,2.31,2.31,14,0,0,2,7,0%,0%,1.155,dimension2==geburtenrate-pro-1000-einw,2020-10-31
steuerb-einkommen-naturl-pers-median-fr,2016-01-20,statistisches-amt-kanton-zuerich,https://opendata.swiss/organization/statistisches-amt-kanton-zuerich,0,0,0,0,0,0,0,1,0,0,0,0,0,0,0,0,0,0,0,0,0,0,0,0,2,3,3,1.744,2.275,15,0,0,2,5,0%,0%,0.761,dimension2==steuerb-einkommen-naturl-pers-median-fr,2020-10-31
anteil-5-zi-wohnungen,2016-01-20,statistisches-amt-kanton-zuerich,https://opendata.swiss/organization/statistisches-amt-kanton-zuerich,0,0,1,0,0,0,0,0,0,0,0,0,0,0,0,0,0,0,0,0,0,0,0,0,2,2,2,5.151,5.151,27,0,0,2,14,0%,0%,2.576,dimension2==anteil-5-zi-wohnungen,2020-10-31
schafe-anz,2016-01-20,statistisches-amt-kanton-zuerich,https://opendata.swiss/organization/statistisches-amt-kanton-zuerich,0,1,0,0,0,0,0,0,0,0,0,0,0,0,0,0,0,0,0,0,0,0,0,0,2,3,1,0.4,0.4,4,0,1,2,1,0%,50%,0.4,dimension2==schafe-anz,2020-10-31
krw-wahleranteil-glp,2016-01-20,statistisches-amt-kanton-zuerich,https://opendata.swiss/organization/statistisches-amt-kanton-zuerich,0,0,0,0,0,0,0,0,0,0,0,0,0,0,1,0,0,0,0,0,0,0,0,0,2,3,1,1.023,1.023,42,0,0,2,14,0%,0%,1.023,dimension2==krw-wahleranteil-glp,2020-10-31
krw-wahleranteil-sp,2016-01-20,statistisches-amt-kanton-zuerich,https://opendata.swiss/organization/statistisches-amt-kanton-zuerich,0,0,0,0,0,0,0,0,0,0,0,0,0,0,1,0,0,0,0,0,0,0,0,0,2,3,0,0,0,18,0,0,2,6,0%,0%,0,dimension2==krw-wahleranteil-sp,2020-10-31
privathaushalte-total-anz,2016-01-20,statistisches-amt-kanton-zuerich,https://opendata.swiss/organization/statistisches-amt-kanton-zuerich,0,0,0,0,0,0,0,0,0,0,0,0,0,0,0,1,0,0,0,0,0,0,0,0,2,3,3,0.919,1.463,6,0,0,2,2,0%,0%,0.507,dimension2==privathaushalte-total-anz,2020-10-31
nettoaufwand-gesundheit-fr-einw,2016-01-20,statistisches-amt-kanton-zuerich,https://opendata.swiss/organization/statistisches-amt-kanton-zuerich,0,0,0,0,0,0,0,1,0,0,0,0,0,0,0,0,0,0,0,0,0,0,0,0,2,3,1,0.493,0.493,2,0,1,2,1,0%,50%,0.493,dimension2==nettoaufwand-gesundheit-fr-einw,2020-10-31
beschaftigte-im-primarsektor-anz,2016-01-20,statistisches-amt-kanton-zuerich,https://opendata.swiss/organization/statistisches-amt-kanton-zuerich,0,0,0,0,0,0,0,0,0,0,0,0,0,0,0,0,0,0,0,0,0,0,0,1,2,3,1,0.392,0.392,116,0,0,2,39,0%,0%,0.392,dimension2==beschaftigte-im-primarsektor-anz,2020-10-31
total-arbeitsstatten-anz,2016-01-20,statistisches-amt-kanton-zuerich,https://opendata.swiss/organization/statistisches-amt-kanton-zuerich,0,0,0,0,0,0,0,0,0,0,0,0,0,0,0,0,0,0,0,0,0,0,0,1,2,2,2,1.743,1.743,9,0,0,2,5,0%,0%,0.872,dimension2==total-arbeitsstatten-anz,2020-10-31
restaurants-pro-1000-einwohner-anz,2016-01-20,statistisches-amt-kanton-zuerich,https://opendata.swiss/organization/statistisches-amt-kanton-zuerich,0,0,0,0,0,0,0,0,0,0,1,0,0,0,0,0,0,0,0,0,0,0,0,0,2,3,3,0.313,0.788,3,0,0,2,1,0%,0%,0.263,dimension2==restaurants-pro-1000-einwohner-anz,2020-10-31
restaurants-pro-1000-einwohner-anz,2016-01-20,statistisches-amt-kanton-zuerich,https://opendata.swiss/organization/statistisches-amt-kanton-zuerich,0,0,0,0,0,0,0,0,0,0,1,0,0,0,0,0,0,0,0,0,0,0,0,0,2,3,3,0.313,0.788,3,0,0,2,1,0%,0%,0.263,dimension2==restaurants-pro-1000-einwohner-anz,2020-10-31
total-vza-anz,2016-01-20,statistisches-amt-kanton-zuerich,https://opendata.swiss/organization/statistisches-amt-kanton-zuerich,0,0,0,0,0,0,0,0,0,0,0,0,0,0,0,0,0,0,0,0,0,0,0,1,2,4,4,0.64,0.823,12,0,0,2,3,0%,0%,0.403,dimension2==total-vza-anz,2020-10-31
krw-wahleranteil-edu,2016-01-20,statistisches-amt-kanton-zuerich,https://opendata.swiss/organization/statistisches-amt-kanton-zuerich,0,0,0,0,0,0,0,0,0,0,0,0,0,0,1,0,0,0,0,0,0,0,0,0,2,3,0,0,0,24,0,0,2,8,0%,0%,0,dimension2==krw-wahleranteil-edu,2020-10-31
schul-oberstufe-pro-1000-einw,2016-01-20,statistisches-amt-kanton-zuerich,https://opendata.swiss/organization/statistisches-amt-kanton-zuerich,0,0,0,0,0,1,0,0,0,0,0,0,0,0,0,0,0,0,0,0,0,0,0,0,2,5,3,0.025,1.646,29,0,1,2,6,0%,50%,0.887,dimension2==schul-oberstufe-pro-1000-einw,2020-10-31
schul-oberstufe-pro-1000-einw,2016-01-20,statistisches-amt-kanton-zuerich,https://opendata.swiss/organization/statistisches-amt-kanton-zuerich,0,0,0,0,0,1,0,0,0,0,0,0,0,0,0,0,0,0,0,0,0,0,0,0,2,5,3,0.025,1.646,29,0,1,2,6,0%,50%,0.887,dimension2==schul-oberstufe-pro-1000-einw,2020-10-31
leerwohnungen-total-anz,2016-09-02,statistisches-amt-kanton-zuerich,https://opendata.swiss/organization/statistisches-amt-kanton-zuerich,0,0,1,0,0,0,0,0,0,0,0,0,0,0,0,0,0,0,0,0,0,0,0,0,2,3,3,3.861,3.987,41,0,0,2,14,0%,0%,1.493,dimension2==leerwohnungen-total-anz,2020-10-31
anteil-3-zi-wohnungen,2016-01-20,statistisches-amt-kanton-zuerich,https://opendata.swiss/organization/statistisches-amt-kanton-zuerich,0,0,1,0,0,0,0,0,0,0,0,0,0,0,0,0,0,0,0,0,0,0,0,0,2,2,2,2.827,2.827,48,0,0,2,24,0%,0%,1.414,dimension2==anteil-3-zi-wohnungen,2020-10-31
motorrader-pro-1000-einwohner-anz,2016-01-20,statistisches-amt-kanton-zuerich,https://opendata.swiss/organization/statistisches-amt-kanton-zuerich,0,0,0,0,0,0,0,0,0,0,0,0,1,0,0,0,0,0,0,0,0,0,0,0,2,2,2,1.611,1.611,14,0,0,2,7,0%,0%,0.806,dimension2==motorrader-pro-1000-einwohner-anz,2020-10-31
krw-wahleranteil-fdp,2016-01-20,statistisches-amt-kanton-zuerich,https://opendata.swiss/organization/statistisches-amt-kanton-zuerich,0,0,0,0,0,0,0,0,0,0,0,0,0,0,1,0,0,0,0,0,0,0,0,0,2,3,0,0,0,31,0,0,2,10,0%,0%,0,dimension2==krw-wahleranteil-fdp,2020-10-31
eigenkapital-fr-einw,2016-01-20,statistisches-amt-kanton-zuerich,https://opendata.swiss/organization/statistisches-amt-kanton-zuerich,0,0,0,0,0,0,0,1,0,0,0,0,0,0,0,0,0,0,0,0,0,0,0,0,2,3,1,0.636,0.636,5,0,1,2,2,0%,50%,0.636,dimension2==eigenkapital-fr-einw,2020-10-31
wahlbeteiligung-kantonsrat,2016-01-20,statistisches-amt-kanton-zuerich,https://opendata.swiss/organization/statistisches-amt-kanton-zuerich,0,0,0,0,0,0,0,0,0,0,0,0,0,0,1,0,0,0,0,0,0,0,0,0,2,3,1,0.396,0.396,13,0,1,2,4,0%,50%,0.396,dimension2==wahlbeteiligung-kantonsrat,2020-10-31
schweine-anz,2016-01-20,statistisches-amt-kanton-zuerich,https://opendata.swiss/organization/statistisches-amt-kanton-zuerich,0,1,0,0,0,0,0,0,0,0,0,0,0,0,0,0,0,0,0,0,0,0,0,0,2,3,3,0.711,1.056,43,0,0,2,14,0%,0%,0.354,dimension2==schweine-anz,2020-10-31
2-personenhaushalte-anz,2016-01-20,statistisches-amt-kanton-zuerich,https://opendata.swiss/organization/statistisches-amt-kanton-zuerich,0,0,0,0,0,0,0,0,0,0,0,0,0,0,0,1,0,0,0,0,0,0,0,0,2,2,1,0.696,0.696,5,0,1,2,3,0%,50%,0.696,dimension2==2-personenhaushalte-anz,2020-10-31
total-ordentlich-besteuerte-anz,2019-07-01,statistisches-amt-kanton-zuerich,https://opendata.swiss/organization/statistisches-amt-kanton-zuerich,0,0,0,0,0,0,0,1,0,0,0,0,0,0,0,0,0,0,0,0,0,0,0,0,2,3,1,0.393,0.393,1019,0,0,2,340,0%,0%,0.393,dimension2==total-ordentlich-besteuerte-anz,2020-10-31
neuerstellte-efh-whg,2016-01-20,statistisches-amt-kanton-zuerich,https://opendata.swiss/organization/statistisches-amt-kanton-zuerich,0,0,1,0,0,0,0,0,0,0,0,0,0,0,0,0,0,0,0,0,0,0,0,0,2,2,1,0.667,0.667,20,0,0,2,10,0%,0%,0.667,dimension2==neuerstellte-efh-whg,2020-10-31
nettovermogen-fr-einw,2016-01-20,statistisches-amt-kanton-zuerich,https://opendata.swiss/organization/statistisches-amt-kanton-zuerich,0,0,0,0,0,0,0,1,0,0,0,0,0,0,0,0,0,0,0,0,0,0,0,0,2,3,1,0.615,0.615,14,0,1,2,5,0%,50%,0.615,dimension2==nettovermogen-fr-einw,2020-10-31
6-und-mehr-personenhaushalte-anz,2016-01-20,statistisches-amt-kanton-zuerich,https://opendata.swiss/organization/statistisches-amt-kanton-zuerich,0,0,0,0,0,0,0,0,0,0,0,0,0,0,0,1,0,0,0,0,0,0,0,0,2,2,2,1.221,1.221,8,0,0,2,4,0%,0%,0.611,dimension2==6-und-mehr-personenhaushalte-anz,2020-10-31
verpackungsglasmengen-tonnen,2016-01-20,statistisches-amt-kanton-zuerich,https://opendata.swiss/organization/statistisches-amt-kanton-zuerich,0,0,0,0,0,0,0,0,0,0,0,0,0,0,0,0,0,0,0,0,1,0,0,0,2,4,2,0.392,0.941,29,0,1,2,7,0%,50%,0.667,dimension2==verpackungsglasmengen-tonnen,2020-10-31
total-geschaffene-stellen-beschaftigte-anz,2017-05-26,statistisches-amt-kanton-zuerich,https://opendata.swiss/organization/statistisches-amt-kanton-zuerich,0,0,0,0,0,0,0,0,0,0,0,0,0,0,0,0,0,0,0,0,0,0,0,1,2,3,1,0.822,0.822,286,0,0,2,95,0%,0%,0.822,dimension2==total-geschaffene-stellen-beschaftigte-anz,2020-10-31
motorrader-anz,2016-01-20,statistisches-amt-kanton-zuerich,https://opendata.swiss/organization/statistisches-amt-kanton-zuerich,0,0,0,0,0,0,0,0,0,0,0,0,1,0,0,0,0,0,0,0,0,0,0,0,2,2,2,1.253,1.253,11,0,0,2,6,0%,0%,0.627,dimension2==motorrader-anz,2020-10-31
miv-wege-quell-ziel-und-binnenverkehr-anz,2016-01-20,statistisches-amt-kanton-zuerich,https://opendata.swiss/organization/statistisches-amt-kanton-zuerich,0,0,0,0,0,0,0,0,0,0,0,0,1,0,0,0,0,0,0,0,0,0,0,0,2,3,1,0.371,0.371,152,0,0,2,51,0%,0%,0.371,dimension2==miv-wege-quell-ziel-und-binnenverkehr-anz,2020-10-31
bevolkerung-heimat-ausland-pers,2016-01-20,statistisches-amt-kanton-zuerich,https://opendata.swiss/organization/statistisches-amt-kanton-zuerich,0,0,0,0,0,0,0,0,0,0,0,0,0,0,0,1,0,0,0,0,0,0,0,0,2,2,2,0.949,0.949,6,0,0,2,3,0%,0%,0.475,dimension2==bevolkerung-heimat-ausland-pers,2020-10-31
1-personenhaushalte-anz,2016-01-20,statistisches-amt-kanton-zuerich,https://opendata.swiss/organization/statistisches-amt-kanton-zuerich,0,0,0,0,0,0,0,0,0,0,0,0,0,0,0,1,0,0,0,0,0,0,0,0,2,3,3,0.026,0.817,69,0,0,2,23,0%,0%,0.279,dimension2==1-personenhaushalte-anz,2020-10-31
altersquotient,2016-01-20,statistisches-amt-kanton-zuerich,https://opendata.swiss/organization/statistisches-amt-kanton-zuerich,0,0,0,0,0,0,0,0,0,0,0,0,0,0,0,1,0,0,0,0,0,0,0,0,2,3,1,0.705,0.705,4,0,1,2,1,0%,50%,0.705,dimension2==altersquotient,2020-10-31
selbstfinanzierung-fr-einw,2016-01-20,statistisches-amt-kanton-zuerich,https://opendata.swiss/organization/statistisches-amt-kanton-zuerich,0,0,0,0,0,0,0,1,0,0,0,0,0,0,0,0,0,0,0,0,0,0,0,0,2,3,1,0.798,0.798,607,0,0,2,202,0%,0%,0.798,dimension2==selbstfinanzierung-fr-einw,2020-10-31
bauinvestitionen-mio-fr,2016-01-20,statistisches-amt-kanton-zuerich,https://opendata.swiss/organization/statistisches-amt-kanton-zuerich,0,0,1,0,0,0,0,0,0,0,0,0,0,0,0,0,0,0,0,0,0,0,0,0,2,3,1,0.532,0.532,112,0,0,2,37,0%,0%,0.532,dimension2==bauinvestitionen-mio-fr,2020-10-31
steuerfuss-ohne-kirchen,2019-07-01,statistisches-amt-kanton-zuerich,https://opendata.swiss/organization/statistisches-amt-kanton-zuerich,0,0,0,0,0,0,0,1,0,0,0,0,0,0,0,0,0,0,0,0,0,0,0,0,2,2,2,0.836,0.836,4,1,1,2,2,50%,50%,0.418,dimension2==steuerfuss-ohne-kirchen,2020-10-31
krw-wahleranteil-al,2016-01-20,statistisches-amt-kanton-zuerich,https://opendata.swiss/organization/statistisches-amt-kanton-zuerich,0,0,0,0,0,0,0,0,0,0,0,0,0,0,1,0,0,0,0,0,0,0,0,0,2,3,1,1.383,1.383,24,0,0,2,8,0%,0%,1.383,dimension2==krw-wahleranteil-al,2020-10-31
lufttemperatur-und-luftfeuchte-lora-sensor-messwerte,2020-03-31,awel-kanton-zuerich,https://opendata.swiss/organization/awel-kanton-zuerich,0,0,0,0,0,0,0,0,0,0,0,0,0,0,0,0,0,0,0,0,1,0,0,0,1,3,3,0.882,2.582,314,0,1,1,105,0%,100%,1.597,dimension2==lufttemperatur-und-luftfeuchte-lora-sensor-messwerte,2020-10-31
jahresrechnungen-der-korperschaften-des-kantons-zurich,2016-12-13,statistisches-amt-kanton-zuerich,https://opendata.swiss/organization/statistisches-amt-kanton-zuerich,0,0,0,0,0,0,0,1,0,0,0,0,0,0,0,0,0,0,0,0,0,0,0,0,1,1,1,1.172,1.172,0,0,1,1,0,0%,100%,1.172,dimension2==jahresrechnungen-der-korperschaften-des-kantons-zurich,2020-10-31
anteil-2-zi-wohnungen,2016-01-20,statistisches-amt-kanton-zuerich,https://opendata.swiss/organization/statistisches-amt-kanton-zuerich,0,0,1,0,0,0,0,0,0,0,0,0,0,0,0,0,0,0,0,0,0,0,0,0,1,1,1,3.356,3.356,18,0,0,1,18,0%,0%,3.356,dimension2==anteil-2-zi-wohnungen,2020-10-31
heiraten-anz,2016-01-20,statistisches-amt-kanton-zuerich,https://opendata.swiss/organization/statistisches-amt-kanton-zuerich,0,0,0,0,0,0,0,0,0,0,0,0,0,0,0,1,0,0,0,0,0,0,0,0,1,1,1,0.644,0.644,23,0,0,1,23,0%,0%,0.644,dimension2==heiraten-anz,2020-10-31
heiraten-anz,2016-01-20,statistisches-amt-kanton-zuerich,https://opendata.swiss/organization/statistisches-amt-kanton-zuerich,0,0,0,0,0,0,0,0,0,0,0,0,0,0,0,1,0,0,0,0,0,0,0,0,1,1,1,0.644,0.644,23,0,0,1,23,0%,0%,0.644,dimension2==heiraten-anz,2020-10-31
arbeitslosenanteil-an-bevolkerung-15-64-jahre,2016-01-20,statistisches-amt-kanton-zuerich,https://opendata.swiss/organization/statistisches-amt-kanton-zuerich,0,0,0,0,0,0,0,0,0,0,0,0,0,0,0,0,0,0,0,0,0,0,0,1,1,1,1,0.422,0.422,4,0,0,1,4,0%,0%,0.422,dimension2==arbeitslosenanteil-an-bevolkerung-15-64-jahre,2020-10-31
arbeitslosenanteil-an-bevolkerung-15-64-jahre,2016-01-20,statistisches-amt-kanton-zuerich,https://opendata.swiss/organization/statistisches-amt-kanton-zuerich,0,0,0,0,0,0,0,0,0,0,0,0,0,0,0,0,0,0,0,0,0,0,0,1,1,1,1,0.422,0.422,4,0,0,1,4,0%,0%,0.422,dimension2==arbeitslosenanteil-an-bevolkerung-15-64-jahre,2020-10-31
fremdkapital-fr-einw,2016-01-20,statistisches-amt-kanton-zuerich,https://opendata.swiss/organization/statistisches-amt-kanton-zuerich,0,0,0,0,0,0,0,1,0,0,0,0,0,0,0,0,0,0,0,0,0,0,0,0,1,1,1,0.452,0.452,11,0,0,1,11,0%,0%,0.452,dimension2==fremdkapital-fr-einw,2020-10-31
geburtenuberschuss-5-j-mittel-pro-1000-einw,2016-01-20,statistisches-amt-kanton-zuerich,https://opendata.swiss/organization/statistisches-amt-kanton-zuerich,0,0,0,0,0,0,0,0,0,0,0,0,0,0,0,1,0,0,0,0,0,0,0,0,1,2,2,0.498,0.739,192,0,0,1,96,0%,0%,0.619,dimension2==geburtenuberschuss-5-j-mittel-pro-1000-einw,2020-10-31
wohnungen-anteil-eigentumsobjekte,2016-01-20,statistisches-amt-kanton-zuerich,https://opendata.swiss/organization/statistisches-amt-kanton-zuerich,0,0,1,0,0,0,0,0,0,0,0,0,0,0,0,0,0,0,0,0,0,0,0,0,1,1,1,2.65,2.65,28,0,0,1,28,0%,0%,2.65,dimension2==wohnungen-anteil-eigentumsobjekte,2020-10-31
total-kirchensteuerpflichtige-anz,2019-07-01,statistisches-amt-kanton-zuerich,https://opendata.swiss/organization/statistisches-amt-kanton-zuerich,0,0,0,0,0,0,0,1,0,0,0,0,0,0,0,0,0,0,0,0,0,0,0,0,1,1,1,0.911,0.911,0,0,1,1,0,0%,100%,0.911,dimension2==total-kirchensteuerpflichtige-anz,2020-10-31
bauzonen-uberbaut,2016-01-20,statistisches-amt-kanton-zuerich,https://opendata.swiss/organization/statistisches-amt-kanton-zuerich,0,0,1,0,0,0,0,0,0,0,0,0,0,0,0,0,0,0,0,0,0,0,0,0,1,1,1,0.522,0.522,5,0,0,1,5,0%,0%,0.522,dimension2==bauzonen-uberbaut,2020-10-31
ov-wege-quell-ziel-und-binnenverkehr-anz,2016-01-20,statistisches-amt-kanton-zuerich,https://opendata.swiss/organization/statistisches-amt-kanton-zuerich,0,0,0,0,0,0,0,0,0,0,0,0,1,0,0,0,0,0,0,0,0,0,0,0,1,1,1,0.381,0.381,51,0,0,1,51,0%,0%,0.381,dimension2==ov-wege-quell-ziel-und-binnenverkehr-anz,2020-10-31
geb-vol-landwirtschaft-anteil,2016-01-20,statistisches-amt-kanton-zuerich,https://opendata.swiss/organization/statistisches-amt-kanton-zuerich,0,0,1,0,0,0,0,0,0,0,0,0,0,0,0,0,0,0,0,0,0,0,0,0,1,1,1,0.53,0.53,0,0,1,1,0,0%,100%,0.53,dimension2==geb-vol-landwirtschaft-anteil,2020-10-31
steuerbares-vermogen-naturliche-pers-mio-fr,2016-01-20,statistisches-amt-kanton-zuerich,https://opendata.swiss/organization/statistisches-amt-kanton-zuerich,0,0,0,0,0,0,0,1,0,0,0,0,0,0,0,0,0,0,0,0,0,0,0,0,1,1,1,0.816,0.816,32,0,0,1,32,0%,0%,0.816,dimension2==steuerbares-vermogen-naturliche-pers-mio-fr,2020-10-31
anteil-4-zi-wohnungen,2016-01-20,statistisches-amt-kanton-zuerich,https://opendata.swiss/organization/statistisches-amt-kanton-zuerich,0,0,1,0,0,0,0,0,0,0,0,0,0,0,0,0,0,0,0,0,0,0,0,0,1,1,1,5.75,5.75,0,0,1,1,0,0%,100%,5.75,dimension2==anteil-4-zi-wohnungen,2020-10-31
baulandpreis-modell-median-fr-m2,2016-01-20,statistisches-amt-kanton-zuerich,https://opendata.swiss/organization/statistisches-amt-kanton-zuerich,0,0,0,0,0,0,0,0,0,0,0,0,0,0,0,0,1,0,0,0,0,0,0,0,1,1,1,0.474,0.474,0,0,1,1,0,0%,100%,0.474,dimension2==baulandpreis-modell-median-fr-m2,2020-10-31
kleine-betriebe-10-49-vza-anz,2016-01-20,statistisches-amt-kanton-zuerich,https://opendata.swiss/organization/statistisches-amt-kanton-zuerich,0,0,0,0,0,0,0,0,0,0,0,0,0,0,0,0,0,0,0,0,0,0,0,1,1,1,1,1.33,1.33,6,0,0,1,6,0%,0%,1.33,dimension2==kleine-betriebe-10-49-vza-anz,2020-10-31
investitionsanteil,2016-01-20,statistisches-amt-kanton-zuerich,https://opendata.swiss/organization/statistisches-amt-kanton-zuerich,0,0,0,0,0,0,0,1,0,0,0,0,0,0,0,0,0,0,0,0,0,0,0,0,1,1,1,0.662,0.662,0,1,1,1,0,100%,100%,0.662,dimension2==investitionsanteil,2020-10-31
bezugerquote-der-bedarfsabh-sozialleistungen,2016-01-20,statistisches-amt-kanton-zuerich,https://opendata.swiss/organization/statistisches-amt-kanton-zuerich,0,0,0,0,0,0,0,0,0,0,0,0,0,0,0,0,0,0,1,0,0,0,0,0,1,2,2,0.005,0.498,24,0,1,1,12,0%,100%,0.252,dimension2==bezugerquote-der-bedarfsabh-sozialleistungen,2020-10-31
anteil-ohne-gk,2016-09-22,statistisches-amt-kanton-zuerich,https://opendata.swiss/organization/statistisches-amt-kanton-zuerich,0,0,0,0,0,0,0,0,0,0,0,0,1,0,0,0,0,0,0,0,0,0,0,0,1,2,2,0.821,1.014,61,0,1,1,31,0%,100%,0.918,dimension2==anteil-ohne-gk,2020-10-31
bevolkerung-katholisch-pers,2016-01-20,statistisches-amt-kanton-zuerich,https://opendata.swiss/organization/statistisches-amt-kanton-zuerich,0,0,0,0,0,0,0,0,0,0,0,0,0,0,0,1,0,0,0,0,0,0,0,0,1,1,1,0.518,0.518,14,0,0,1,14,0%,0%,0.518,dimension2==bevolkerung-katholisch-pers,2020-10-31
nrw-wahleranteil-cvp,2016-01-20,statistisches-amt-kanton-zuerich,https://opendata.swiss/organization/statistisches-amt-kanton-zuerich,0,0,0,0,0,0,0,0,0,0,0,0,0,0,1,0,0,0,0,0,0,0,0,0,1,1,1,0.754,0.754,0,0,1,1,0,0%,100%,0.754,dimension2==nrw-wahleranteil-cvp,2020-10-31
beschaftigte-im-gastgewerbe-anteil,2016-01-20,statistisches-amt-kanton-zuerich,https://opendata.swiss/organization/statistisches-amt-kanton-zuerich,0,0,0,0,0,0,0,0,0,0,1,0,0,0,0,0,0,0,0,0,0,0,0,0,1,1,1,0.899,0.899,0,1,1,1,0,100%,100%,0.899,dimension2==beschaftigte-im-gastgewerbe-anteil,2020-10-31
beschaftigte-im-sekundarsektor-anz,2016-01-20,statistisches-amt-kanton-zuerich,https://opendata.swiss/organization/statistisches-amt-kanton-zuerich,0,0,0,0,0,0,0,0,0,0,0,0,0,0,0,0,0,0,0,0,0,0,0,1,1,1,1,0.37,0.37,23,0,0,1,23,0%,0%,0.37,dimension2==beschaftigte-im-sekundarsektor-anz,2020-10-31
scheidungen-anz,2016-01-20,statistisches-amt-kanton-zuerich,https://opendata.swiss/organization/statistisches-amt-kanton-zuerich,0,0,0,0,0,0,0,0,0,0,0,0,0,0,0,1,0,0,0,0,0,0,0,0,1,1,1,0.698,0.698,12,0,0,1,12,0%,0%,0.698,dimension2==scheidungen-anz,2020-10-31
bevolkerung-anteil-65-79-jahrige,2016-01-20,statistisches-amt-kanton-zuerich,https://opendata.swiss/organization/statistisches-amt-kanton-zuerich,0,0,0,0,0,0,0,0,0,0,0,0,0,0,0,1,0,0,0,0,0,0,0,0,1,1,1,0.445,0.445,0,0,1,1,0,0%,100%,0.445,dimension2==bevolkerung-anteil-65-79-jahrige,2020-10-31
anteil-6-zi-wohnungen,2016-01-20,statistisches-amt-kanton-zuerich,https://opendata.swiss/organization/statistisches-amt-kanton-zuerich,0,0,1,0,0,0,0,0,0,0,0,0,0,0,0,0,0,0,0,0,0,0,0,0,1,1,1,3.035,3.035,19,0,0,1,19,0%,0%,3.035,dimension2==anteil-6-zi-wohnungen,2020-10-31
anteil-gk-f,2016-09-22,statistisches-amt-kanton-zuerich,https://opendata.swiss/organization/statistisches-amt-kanton-zuerich,0,0,0,0,0,0,0,0,0,0,0,0,1,0,0,0,0,0,0,0,0,0,0,0,1,1,1,0.653,0.653,0,1,1,1,0,100%,100%,0.653,dimension2==anteil-gk-f,2020-10-31
bruttoverschuldungsanteil,2016-01-20,statistisches-amt-kanton-zuerich,https://opendata.swiss/organization/statistisches-amt-kanton-zuerich,0,0,0,0,0,0,0,1,0,0,0,0,0,0,0,0,0,0,0,0,0,0,0,0,1,1,1,0.46,0.46,0,1,1,1,0,100%,100%,0.46,dimension2==bruttoverschuldungsanteil,2020-10-31
kapitaldienstanteil,2016-01-20,statistisches-amt-kanton-zuerich,https://opendata.swiss/organization/statistisches-amt-kanton-zuerich,0,0,0,0,0,0,0,1,0,0,0,0,0,0,0,0,0,0,0,0,0,0,0,0,1,1,1,0.533,0.533,1,0,0,1,1,0%,0%,0.533,dimension2==kapitaldienstanteil,2020-10-31
personenwagen-anz,2016-01-20,statistisches-amt-kanton-zuerich,https://opendata.swiss/organization/statistisches-amt-kanton-zuerich,0,0,0,0,0,0,0,0,0,0,0,0,1,0,0,0,0,0,0,0,0,0,0,0,1,1,1,1.233,1.233,21,0,0,1,21,0%,0%,1.233,dimension2==personenwagen-anz,2020-10-31
selbstfinanzierungsgrad,2016-01-20,statistisches-amt-kanton-zuerich,https://opendata.swiss/organization/statistisches-amt-kanton-zuerich,0,0,0,0,0,0,0,1,0,0,0,0,0,0,0,0,0,0,0,0,0,0,0,0,1,2,1,0.914,0.914,13,0,1,1,7,0%,100%,0.914,dimension2==selbstfinanzierungsgrad,2020-10-31
zl-bezugerquote-der-personen-ab-65-jahren,2016-01-20,statistisches-amt-kanton-zuerich,https://opendata.swiss/organization/statistisches-amt-kanton-zuerich,0,0,0,0,0,0,0,0,0,0,0,0,0,0,0,0,0,0,1,0,0,0,0,0,1,1,1,0.441,0.441,0,1,1,1,0,100%,100%,0.441,dimension2==zl-bezugerquote-der-personen-ab-65-jahren,2020-10-31
anteil-gk-e,2016-09-22,statistisches-amt-kanton-zuerich,https://opendata.swiss/organization/statistisches-amt-kanton-zuerich,0,0,0,0,0,0,0,0,0,0,0,0,1,0,0,0,0,0,0,0,0,0,0,0,1,1,1,0.66,0.66,39,0,0,1,39,0%,0%,0.66,dimension2==anteil-gk-e,2020-10-31
finanzvermogen-fr-einw,2016-01-20,statistisches-amt-kanton-zuerich,https://opendata.swiss/organization/statistisches-amt-kanton-zuerich,0,0,0,0,0,0,0,1,0,0,0,0,0,0,0,0,0,0,0,0,0,0,0,0,1,1,1,0.73,0.73,32,0,0,1,32,0%,0%,0.73,dimension2==finanzvermogen-fr-einw,2020-10-31
verkaufe-von-unbebautem-land-anz,2016-01-20,statistisches-amt-kanton-zuerich,https://opendata.swiss/organization/statistisches-amt-kanton-zuerich,0,0,0,0,0,0,0,0,0,0,0,0,0,0,0,0,1,0,0,0,0,0,0,0,1,1,1,0.469,0.469,17,0,0,1,17,0%,0%,0.469,dimension2==verkaufe-von-unbebautem-land-anz,2020-10-31
schul-mittelschule-pro-1000-einw,2016-01-20,statistisches-amt-kanton-zuerich,https://opendata.swiss/organization/statistisches-amt-kanton-zuerich,0,0,0,0,0,1,0,0,0,0,0,0,0,0,0,0,0,0,0,0,0,0,0,0,1,1,1,0.537,0.537,7,0,0,1,7,0%,0%,0.537,dimension2==schul-mittelschule-pro-1000-einw,2020-10-31
schul-mittelschule-pro-1000-einw,2016-01-20,statistisches-amt-kanton-zuerich,https://opendata.swiss/organization/statistisches-amt-kanton-zuerich,0,0,0,0,0,1,0,0,0,0,0,0,0,0,0,0,0,0,0,0,0,0,0,0,1,1,1,0.537,0.537,7,0,0,1,7,0%,0%,0.537,dimension2==schul-mittelschule-pro-1000-einw,2020-10-31
baulandpreis-median-fr-m2,2016-01-20,statistisches-amt-kanton-zuerich,https://opendata.swiss/organization/statistisches-amt-kanton-zuerich,0,0,0,0,0,0,0,0,0,0,0,0,0,0,0,0,1,0,0,0,0,0,0,0,1,1,1,0.721,0.721,37,0,0,1,37,0%,0%,0.721,dimension2==baulandpreis-median-fr-m2,2020-10-31
anteil-1-zi-wohnungen,2016-01-20,statistisches-amt-kanton-zuerich,https://opendata.swiss/organization/statistisches-amt-kanton-zuerich,0,0,1,0,0,0,0,0,0,0,0,0,0,0,0,0,0,0,0,0,0,0,0,0,1,1,1,3.701,3.701,17,0,0,1,17,0%,0%,3.701,dimension2==anteil-1-zi-wohnungen,2020-10-31
bauzonen-uberbaut-ha,2016-01-20,statistisches-amt-kanton-zuerich,https://opendata.swiss/organization/statistisches-amt-kanton-zuerich,0,0,1,0,0,0,0,0,0,0,0,0,0,0,0,0,0,0,0,0,0,0,0,0,1,2,2,0.004,0.658,9,0,1,1,5,0%,100%,0.331,dimension2==bauzonen-uberbaut-ha,2020-10-31
anteil-gewasserflache,2016-01-20,statistisches-amt-kanton-zuerich,https://opendata.swiss/organization/statistisches-amt-kanton-zuerich,0,0,0,0,0,0,0,0,1,0,0,0,0,0,0,0,0,0,0,0,0,0,0,0,1,1,1,0.519,0.519,4,0,0,1,4,0%,0%,0.519,dimension2==anteil-gewasserflache,2020-10-31
bevolkerung-manneranteil,2016-01-20,statistisches-amt-kanton-zuerich,https://opendata.swiss/organization/statistisches-amt-kanton-zuerich,0,0,0,0,0,0,0,0,0,0,0,0,0,0,0,1,0,0,0,0,0,0,0,0,1,1,1,0.756,0.756,19,0,0,1,19,0%,0%,0.756,dimension2==bevolkerung-manneranteil,2020-10-31
maturitatsquoten-im-kanton-zurich,2020-03-06,bildungsstatistik-kanton-zuerich,https://opendata.swiss/organization/bildungsstatistik-kanton-zuerich,0,0,0,0,0,1,0,0,0,0,0,0,0,0,0,0,0,0,0,0,0,0,0,0,NA,NA,NA,NA,NA,NA,NA,NA,NA,NA,NA,NA,NA,NA,NA
lernende-der-offentlichen-volksschule-nach-schulgemeinden-im-kanton-zurich,2019-12-02,bildungsstatistik-kanton-zuerich,https://opendata.swiss/organization/bildungsstatistik-kanton-zuerich,0,0,0,0,0,1,0,0,0,0,0,0,0,0,0,0,0,0,0,0,0,0,0,0,NA,NA,NA,NA,NA,NA,NA,NA,NA,NA,NA,NA,NA,NA,NA
ubersicht-uber-alle-lernenden-im-kanton-zurich,2019-12-02,bildungsstatistik-kanton-zuerich,https://opendata.swiss/organization/bildungsstatistik-kanton-zuerich,0,0,0,0,0,1,0,0,0,0,0,0,0,0,0,0,0,0,0,0,0,0,0,0,NA,NA,NA,NA,NA,NA,NA,NA,NA,NA,NA,NA,NA,NA,NA
lernende-der-mittelschulen-im-kanton-zurich,2019-12-02,bildungsstatistik-kanton-zuerich,https://opendata.swiss/organization/bildungsstatistik-kanton-zuerich,0,0,0,0,0,1,0,0,0,0,0,0,0,0,0,0,0,0,0,0,0,0,0,0,NA,NA,NA,NA,NA,NA,NA,NA,NA,NA,NA,NA,NA,NA,NA
web-analytics-der-open-government-data-des-kantons-zurich,2018-12-11,fachstelle-ogd-kanton-zuerich,https://opendata.swiss/organization/fachstelle-ogd-kanton-zuerich,1,0,0,0,0,0,0,0,0,0,0,0,0,0,0,0,0,0,0,0,0,0,0,0,NA,NA,NA,NA,NA,NA,NA,NA,NA,NA,NA,NA,NA,NA,NA
verzeichnis-der-personenstammdaten-der-zentralen-verwaltung-des-kantons-zurich,2020-09-29,fachstelle-ogd-kanton-zuerich,https://opendata.swiss/organization/fachstelle-ogd-kanton-zuerich,1,0,0,0,0,0,0,0,0,0,0,0,0,0,0,0,0,0,0,0,0,0,0,0,NA,NA,NA,NA,NA,NA,NA,NA,NA,NA,NA,NA,NA,NA,NA
statistik-der-informationszugangsgesuche-nach-idg-des-kantons-zurich,2019-12-05,fachstelle-ogd-kanton-zuerich,https://opendata.swiss/organization/fachstelle-ogd-kanton-zuerich,1,0,0,0,0,0,0,0,0,0,0,0,0,0,0,0,0,0,0,0,0,0,0,0,NA,NA,NA,NA,NA,NA,NA,NA,NA,NA,NA,NA,NA,NA,NA
freigabeliste-der-open-government-data-des-kantons-zurich,2019-07-09,fachstelle-ogd-kanton-zuerich,https://opendata.swiss/organization/fachstelle-ogd-kanton-zuerich,1,0,0,0,0,0,0,0,0,0,0,0,0,0,0,0,0,0,0,0,0,0,0,0,NA,NA,NA,NA,NA,NA,NA,NA,NA,NA,NA,NA,NA,NA,NA
covid_19-open-government-data-reported-by-the-swiss-cantons-and-the-principality-of-liechtenste,2020-03-16,fachstelle-ogd-kanton-zuerich,https://opendata.swiss/organization/fachstelle-ogd-kanton-zuerich,0,0,0,0,0,0,0,0,0,1,0,0,0,0,0,0,0,0,0,0,0,0,0,0,NA,NA,NA,NA,NA,NA,NA,NA,NA,NA,NA,NA,NA,NA,NA
designprinzipien-fur-behorden,2019-12-21,fachstelle-ogd-kanton-zuerich,https://opendata.swiss/organization/fachstelle-ogd-kanton-zuerich,1,0,0,0,0,0,0,0,0,0,0,0,0,0,0,0,0,0,0,0,0,0,0,0,NA,NA,NA,NA,NA,NA,NA,NA,NA,NA,NA,NA,NA,NA,NA
bilanzwert-der-langfristigen-schulden-fr-einw,2018-12-10,gemeindeamt-kanton-zuerich,https://opendata.swiss/organization/gemeindeamt-kanton-zuerich,0,0,0,0,0,0,0,1,0,0,0,0,0,0,0,0,0,0,0,0,0,0,0,0,NA,NA,NA,NA,NA,NA,NA,NA,NA,NA,NA,NA,NA,NA,NA
covid_19-fallzahlen-kanton-zurich,2020-03-05,gesundheitsdirektion-kanton-zuerich,https://opendata.swiss/organization/gesundheitsdirektion-kanton-zuerich,0,0,0,0,0,0,0,0,0,1,0,0,0,0,0,0,0,0,0,0,0,0,0,0,NA,NA,NA,NA,NA,NA,NA,NA,NA,NA,NA,NA,NA,NA,NA
covid_19-einreisequarantane-kanton-zurich,2020-09-15,gesundheitsdirektion-kanton-zuerich,https://opendata.swiss/organization/gesundheitsdirektion-kanton-zuerich,0,0,0,0,0,0,0,0,0,1,0,0,1,0,0,0,0,0,0,0,0,0,0,0,NA,NA,NA,NA,NA,NA,NA,NA,NA,NA,NA,NA,NA,NA,NA
covid_19-contact-tracing-kanton-zurich,2020-08-13,gesundheitsdirektion-kanton-zuerich,https://opendata.swiss/organization/gesundheitsdirektion-kanton-zuerich,0,0,0,0,0,0,0,0,0,1,0,0,0,0,0,0,0,0,0,0,0,0,0,0,NA,NA,NA,NA,NA,NA,NA,NA,NA,NA,NA,NA,NA,NA,NA
statistik-der-jugendstrafrechtspflege-des-kantons-zurich,2020-01-06,oberjugendanwaltschaft-kanton-zuerich,https://opendata.swiss/organization/oberjugendanwaltschaft-kanton-zuerich,0,0,0,1,0,0,0,0,0,0,0,0,0,0,0,0,0,0,0,0,0,0,0,0,NA,NA,NA,NA,NA,NA,NA,NA,NA,NA,NA,NA,NA,NA,NA
archivinformationssystem-des-staatsarchivs-des-kantons-zurich,2019-11-14,staatsarchiv-kanton-zuerich,https://opendata.swiss/organization/staatsarchiv-kanton-zuerich,1,0,0,0,0,0,0,0,0,0,0,1,0,0,1,0,0,0,0,0,0,0,0,0,NA,NA,NA,NA,NA,NA,NA,NA,NA,NA,NA,NA,NA,NA,NA
zurcher-stillstandsprotokolle-des-17-jahrhunderts,2020-08-20,staatsarchiv-kanton-zuerich,https://opendata.swiss/organization/staatsarchiv-kanton-zuerich,0,0,0,1,0,0,0,0,0,0,0,0,0,0,0,1,0,1,0,0,0,0,0,0,NA,NA,NA,NA,NA,NA,NA,NA,NA,NA,NA,NA,NA,NA,NA
ehedaten-kanton-zurich-16-bis-18-jahrhundert,2017-06-09,staatsarchiv-kanton-zuerich,https://opendata.swiss/organization/staatsarchiv-kanton-zuerich,0,0,0,0,1,0,0,0,0,0,0,0,0,0,0,1,0,0,0,0,0,0,0,0,NA,NA,NA,NA,NA,NA,NA,NA,NA,NA,NA,NA,NA,NA,NA
kantonsratsmitglieder-kanton-zurich-ab-1917,2018-12-21,staatsarchiv-kanton-zuerich,https://opendata.swiss/organization/staatsarchiv-kanton-zuerich,0,0,0,0,0,0,0,0,0,0,0,0,0,0,1,0,0,0,0,0,0,0,0,0,NA,NA,NA,NA,NA,NA,NA,NA,NA,NA,NA,NA,NA,NA,NA
zurcher-regierungsratsbeschlusse-des-19-jahrhunderts,2017-06-01,staatsarchiv-kanton-zuerich,https://opendata.swiss/organization/staatsarchiv-kanton-zuerich,1,1,1,1,1,1,1,1,0,0,1,0,1,0,1,0,0,1,1,0,0,0,1,0,NA,NA,NA,NA,NA,NA,NA,NA,NA,NA,NA,NA,NA,NA,NA
bevolkerung-nach-gemeinde-heimat-geschlecht-und-alter,2020-02-03,statistisches-amt-kanton-zuerich,https://opendata.swiss/organization/statistisches-amt-kanton-zuerich,0,0,0,0,0,0,0,0,0,0,0,0,0,0,0,1,0,0,0,0,0,0,0,0,NA,NA,NA,NA,NA,NA,NA,NA,NA,NA,NA,NA,NA,NA,NA
bestand-benzinmotor,2020-05-25,statistisches-amt-kanton-zuerich,https://opendata.swiss/organization/statistisches-amt-kanton-zuerich,0,0,0,0,0,0,0,0,0,0,0,0,1,0,0,0,0,0,0,0,0,0,0,0,NA,NA,NA,NA,NA,NA,NA,NA,NA,NA,NA,NA,NA,NA,NA
bauinv-mfh-5-jahre-fr-einw,2016-01-20,statistisches-amt-kanton-zuerich,https://opendata.swiss/organization/statistisches-amt-kanton-zuerich,0,0,1,0,0,0,0,0,0,0,0,0,0,0,0,0,0,0,0,0,0,0,0,0,NA,NA,NA,NA,NA,NA,NA,NA,NA,NA,NA,NA,NA,NA,NA
wanderungsbilanz-pers,2016-01-20,statistisches-amt-kanton-zuerich,https://opendata.swiss/organization/statistisches-amt-kanton-zuerich,0,0,0,0,0,0,0,0,0,0,0,0,0,0,0,1,0,0,0,0,0,0,0,0,NA,NA,NA,NA,NA,NA,NA,NA,NA,NA,NA,NA,NA,NA,NA
abstimmungsempfehlungen-von-kantonsrat-und-regierungsrat-des-kantons-zurich,2019-09-04,statistisches-amt-kanton-zuerich,https://opendata.swiss/organization/statistisches-amt-kanton-zuerich,0,0,0,0,0,0,0,0,0,0,0,0,0,0,1,0,0,0,0,0,0,0,0,0,NA,NA,NA,NA,NA,NA,NA,NA,NA,NA,NA,NA,NA,NA,NA
bevolkerungszunahme-5-jahre,2016-01-20,statistisches-amt-kanton-zuerich,https://opendata.swiss/organization/statistisches-amt-kanton-zuerich,0,0,0,0,0,0,0,0,0,0,0,0,0,0,0,1,0,0,0,0,0,0,0,0,NA,NA,NA,NA,NA,NA,NA,NA,NA,NA,NA,NA,NA,NA,NA
ordentlich-und-an-der-quelle-besteuerte-anz,2019-07-01,statistisches-amt-kanton-zuerich,https://opendata.swiss/organization/statistisches-amt-kanton-zuerich,0,0,0,0,0,0,0,1,0,0,0,0,0,0,0,0,0,0,0,0,0,0,0,0,NA,NA,NA,NA,NA,NA,NA,NA,NA,NA,NA,NA,NA,NA,NA
bevolkerung-anteil-40-64-jahrige,2016-01-20,statistisches-amt-kanton-zuerich,https://opendata.swiss/organization/statistisches-amt-kanton-zuerich,0,0,0,0,0,0,0,0,0,0,0,0,0,0,0,1,0,0,0,0,0,0,0,0,NA,NA,NA,NA,NA,NA,NA,NA,NA,NA,NA,NA,NA,NA,NA
15-jahresverbrauch,2016-01-20,statistisches-amt-kanton-zuerich,https://opendata.swiss/organization/statistisches-amt-kanton-zuerich,0,0,1,0,0,0,0,0,0,0,0,0,0,0,0,0,0,0,0,0,0,0,0,0,NA,NA,NA,NA,NA,NA,NA,NA,NA,NA,NA,NA,NA,NA,NA
steuerb-einkommen-naturl-pers-25-quantil-fr,2016-01-20,statistisches-amt-kanton-zuerich,https://opendata.swiss/organization/statistisches-amt-kanton-zuerich,0,0,0,0,0,0,0,1,0,0,0,0,0,0,0,0,0,0,0,0,0,0,0,0,NA,NA,NA,NA,NA,NA,NA,NA,NA,NA,NA,NA,NA,NA,NA
christkatholische-kirchensteuerpflichtige-anz,2019-07-01,statistisches-amt-kanton-zuerich,https://opendata.swiss/organization/statistisches-amt-kanton-zuerich,0,0,0,0,0,0,0,1,0,0,0,0,0,0,0,0,0,0,0,0,0,0,0,0,NA,NA,NA,NA,NA,NA,NA,NA,NA,NA,NA,NA,NA,NA,NA
zuzuge-pers,2016-01-20,statistisches-amt-kanton-zuerich,https://opendata.swiss/organization/statistisches-amt-kanton-zuerich,0,0,0,0,0,0,0,0,0,0,0,0,0,0,0,1,0,0,0,0,0,0,0,0,NA,NA,NA,NA,NA,NA,NA,NA,NA,NA,NA,NA,NA,NA,NA
bestand-hybridantrieb,2020-05-25,statistisches-amt-kanton-zuerich,https://opendata.swiss/organization/statistisches-amt-kanton-zuerich,0,0,0,0,0,0,0,0,0,0,0,0,1,0,0,0,0,0,0,0,0,0,0,0,NA,NA,NA,NA,NA,NA,NA,NA,NA,NA,NA,NA,NA,NA,NA
eigenkapital-steuerpfl-jur-pers-mio-fr,2016-01-20,statistisches-amt-kanton-zuerich,https://opendata.swiss/organization/statistisches-amt-kanton-zuerich,0,0,0,0,0,0,0,1,0,0,0,0,0,0,0,0,0,0,0,0,0,0,0,0,NA,NA,NA,NA,NA,NA,NA,NA,NA,NA,NA,NA,NA,NA,NA
ausserhalb-des-kt-wohnhaft-besteuerte-anz,2019-07-01,statistisches-amt-kanton-zuerich,https://opendata.swiss/organization/statistisches-amt-kanton-zuerich,0,0,0,0,0,0,0,1,0,0,0,0,0,0,0,0,0,0,0,0,0,0,0,0,NA,NA,NA,NA,NA,NA,NA,NA,NA,NA,NA,NA,NA,NA,NA
bauzonen-nicht-uberbaut,2016-01-20,statistisches-amt-kanton-zuerich,https://opendata.swiss/organization/statistisches-amt-kanton-zuerich,0,0,1,0,0,0,0,0,0,0,0,0,0,0,0,0,0,0,0,0,0,0,0,0,NA,NA,NA,NA,NA,NA,NA,NA,NA,NA,NA,NA,NA,NA,NA
anteil-grundsteuern-am-steuerertrag,2016-01-20,statistisches-amt-kanton-zuerich,https://opendata.swiss/organization/statistisches-amt-kanton-zuerich,0,0,0,0,0,0,0,1,0,0,0,0,0,0,0,0,0,0,0,0,0,0,0,0,NA,NA,NA,NA,NA,NA,NA,NA,NA,NA,NA,NA,NA,NA,NA
zahnarzte-pro-1000-einw,2016-01-20,statistisches-amt-kanton-zuerich,https://opendata.swiss/organization/statistisches-amt-kanton-zuerich,0,0,0,0,0,0,0,0,0,1,0,0,0,0,0,0,0,0,0,0,0,0,0,0,NA,NA,NA,NA,NA,NA,NA,NA,NA,NA,NA,NA,NA,NA,NA
abstimmungsparolen-von-kantonalzurcher-und-nationalen-parteien,2019-09-04,statistisches-amt-kanton-zuerich,https://opendata.swiss/organization/statistisches-amt-kanton-zuerich,0,0,0,0,0,0,0,0,0,0,0,0,0,0,1,0,0,0,0,0,0,0,0,0,NA,NA,NA,NA,NA,NA,NA,NA,NA,NA,NA,NA,NA,NA,NA
steuerb-vermogen-naturl-pers-75-quantil-fr,2016-01-20,statistisches-amt-kanton-zuerich,https://opendata.swiss/organization/statistisches-amt-kanton-zuerich,0,0,0,0,0,0,0,1,0,0,0,0,0,0,0,0,0,0,0,0,0,0,0,0,NA,NA,NA,NA,NA,NA,NA,NA,NA,NA,NA,NA,NA,NA,NA
geb-vol-industrie-lager-zunahme,2016-01-20,statistisches-amt-kanton-zuerich,https://opendata.swiss/organization/statistisches-amt-kanton-zuerich,0,0,1,0,0,0,0,0,0,0,0,0,0,0,0,0,0,0,0,0,0,0,0,0,NA,NA,NA,NA,NA,NA,NA,NA,NA,NA,NA,NA,NA,NA,NA
bauinv-landwirtschaft-5-jahre-fr-einw,2016-01-20,statistisches-amt-kanton-zuerich,https://opendata.swiss/organization/statistisches-amt-kanton-zuerich,0,0,1,0,0,0,0,0,0,0,0,0,0,0,0,0,0,0,0,0,0,0,0,0,NA,NA,NA,NA,NA,NA,NA,NA,NA,NA,NA,NA,NA,NA,NA
geb-vol-dienstleistungen-zunahme,2016-01-20,statistisches-amt-kanton-zuerich,https://opendata.swiss/organization/statistisches-amt-kanton-zuerich,0,0,1,0,0,0,0,0,0,0,0,0,0,0,0,0,0,0,0,0,0,0,0,0,NA,NA,NA,NA,NA,NA,NA,NA,NA,NA,NA,NA,NA,NA,NA
total-quellensteuerpflichtige-anz,2019-07-01,statistisches-amt-kanton-zuerich,https://opendata.swiss/organization/statistisches-amt-kanton-zuerich,0,0,0,0,0,0,0,1,0,0,0,0,0,0,0,0,0,0,0,0,0,0,0,0,NA,NA,NA,NA,NA,NA,NA,NA,NA,NA,NA,NA,NA,NA,NA
wahlarchiv-nationalratswahlen,2020-07-07,statistisches-amt-kanton-zuerich,https://opendata.swiss/organization/statistisches-amt-kanton-zuerich,0,0,0,0,0,0,0,0,0,0,0,0,0,0,1,0,0,0,0,0,0,0,0,0,NA,NA,NA,NA,NA,NA,NA,NA,NA,NA,NA,NA,NA,NA,NA
beschaftigte-im-tertiarsektor-anz,2016-01-20,statistisches-amt-kanton-zuerich,https://opendata.swiss/organization/statistisches-amt-kanton-zuerich,0,0,0,0,0,0,0,0,0,0,0,0,0,0,0,0,0,0,0,0,0,0,0,1,NA,NA,NA,NA,NA,NA,NA,NA,NA,NA,NA,NA,NA,NA,NA
bauinv-spital-kultur-usw-5-j-fr-einw,2016-01-20,statistisches-amt-kanton-zuerich,https://opendata.swiss/organization/statistisches-amt-kanton-zuerich,0,0,1,0,0,0,0,0,0,0,0,0,0,0,0,0,0,0,0,0,0,0,0,0,NA,NA,NA,NA,NA,NA,NA,NA,NA,NA,NA,NA,NA,NA,NA
anteil-unproduktive-flache,2016-01-20,statistisches-amt-kanton-zuerich,https://opendata.swiss/organization/statistisches-amt-kanton-zuerich,0,0,0,0,0,0,0,0,1,0,0,0,0,0,0,0,0,0,0,0,0,0,0,0,NA,NA,NA,NA,NA,NA,NA,NA,NA,NA,NA,NA,NA,NA,NA
bevolkerung-anteil-0-14-jahrige,2016-01-20,statistisches-amt-kanton-zuerich,https://opendata.swiss/organization/statistisches-amt-kanton-zuerich,0,0,0,0,0,0,0,0,0,0,0,0,0,0,0,1,0,0,0,0,0,0,0,0,NA,NA,NA,NA,NA,NA,NA,NA,NA,NA,NA,NA,NA,NA,NA
nettoaufwand-bildung-fr-einw,2016-01-20,statistisches-amt-kanton-zuerich,https://opendata.swiss/organization/statistisches-amt-kanton-zuerich,0,0,0,0,0,0,0,1,0,0,0,0,0,0,0,0,0,0,0,0,0,0,0,0,NA,NA,NA,NA,NA,NA,NA,NA,NA,NA,NA,NA,NA,NA,NA
nrw-wahleranteil-sp,2016-01-20,statistisches-amt-kanton-zuerich,https://opendata.swiss/organization/statistisches-amt-kanton-zuerich,0,0,0,0,0,0,0,0,0,0,0,0,0,0,1,0,0,0,0,0,0,0,0,0,NA,NA,NA,NA,NA,NA,NA,NA,NA,NA,NA,NA,NA,NA,NA
reformierte-kirchensteuerpflichtige-anz,2019-07-01,statistisches-amt-kanton-zuerich,https://opendata.swiss/organization/statistisches-amt-kanton-zuerich,0,0,0,0,0,0,0,1,0,0,0,0,0,0,0,0,0,0,0,0,0,0,0,0,NA,NA,NA,NA,NA,NA,NA,NA,NA,NA,NA,NA,NA,NA,NA
apotheken-anz,2016-01-20,statistisches-amt-kanton-zuerich,https://opendata.swiss/organization/statistisches-amt-kanton-zuerich,0,0,0,0,0,0,0,0,0,1,0,0,0,0,0,0,0,0,0,0,0,0,0,0,NA,NA,NA,NA,NA,NA,NA,NA,NA,NA,NA,NA,NA,NA,NA
ertrags-aufwanduberschuss-fr-einw,2018-06-15,statistisches-amt-kanton-zuerich,https://opendata.swiss/organization/statistisches-amt-kanton-zuerich,0,0,0,0,0,0,0,1,0,0,0,0,0,0,0,0,0,0,0,0,0,0,0,0,NA,NA,NA,NA,NA,NA,NA,NA,NA,NA,NA,NA,NA,NA,NA
o-steuerbares-vermogen-naturliche-pers-1000-fr,2016-01-20,statistisches-amt-kanton-zuerich,https://opendata.swiss/organization/statistisches-amt-kanton-zuerich,0,0,0,0,0,0,0,1,0,0,0,0,0,0,0,0,0,0,0,0,0,0,0,0,NA,NA,NA,NA,NA,NA,NA,NA,NA,NA,NA,NA,NA,NA,NA
nur-an-der-quelle-besteuerte-quellensteuerpfl-anz,2019-07-01,statistisches-amt-kanton-zuerich,https://opendata.swiss/organization/statistisches-amt-kanton-zuerich,0,0,0,0,0,0,0,1,0,0,0,0,0,0,0,0,0,0,0,0,0,0,0,0,NA,NA,NA,NA,NA,NA,NA,NA,NA,NA,NA,NA,NA,NA,NA
schul-tertiarstufe-pers-pro-1000-einw,2016-01-20,statistisches-amt-kanton-zuerich,https://opendata.swiss/organization/statistisches-amt-kanton-zuerich,0,0,0,0,0,1,0,0,0,0,0,0,0,0,0,0,0,0,0,0,0,0,0,0,NA,NA,NA,NA,NA,NA,NA,NA,NA,NA,NA,NA,NA,NA,NA
vza-im-tertiarsektor-anz,2016-01-20,statistisches-amt-kanton-zuerich,https://opendata.swiss/organization/statistisches-amt-kanton-zuerich,0,0,0,0,0,0,0,0,0,0,0,0,0,0,0,0,0,0,0,0,0,0,0,1,NA,NA,NA,NA,NA,NA,NA,NA,NA,NA,NA,NA,NA,NA,NA
o-reingewinn-steuerpfl-jur-pers-fr,2016-01-20,statistisches-amt-kanton-zuerich,https://opendata.swiss/organization/statistisches-amt-kanton-zuerich,0,0,0,0,0,0,0,1,0,0,0,0,0,0,0,0,0,0,0,0,0,0,0,0,NA,NA,NA,NA,NA,NA,NA,NA,NA,NA,NA,NA,NA,NA,NA
anteil-4-personenhaushalte,2016-01-20,statistisches-amt-kanton-zuerich,https://opendata.swiss/organization/statistisches-amt-kanton-zuerich,0,0,0,0,0,0,0,0,0,0,0,0,0,0,0,1,0,0,0,0,0,0,0,0,NA,NA,NA,NA,NA,NA,NA,NA,NA,NA,NA,NA,NA,NA,NA
bevolkerung-anteil-15-19-jahrige,2016-01-20,statistisches-amt-kanton-zuerich,https://opendata.swiss/organization/statistisches-amt-kanton-zuerich,0,0,0,0,0,0,0,0,0,0,0,0,0,0,0,1,0,0,0,0,0,0,0,0,NA,NA,NA,NA,NA,NA,NA,NA,NA,NA,NA,NA,NA,NA,NA
nettoinvestitionen-fr-einw,2016-01-20,statistisches-amt-kanton-zuerich,https://opendata.swiss/organization/statistisches-amt-kanton-zuerich,0,0,0,0,0,0,0,1,0,0,0,0,0,0,0,0,0,0,0,0,0,0,0,0,NA,NA,NA,NA,NA,NA,NA,NA,NA,NA,NA,NA,NA,NA,NA
anteil-3-personenhaushalte,2016-01-20,statistisches-amt-kanton-zuerich,https://opendata.swiss/organization/statistisches-amt-kanton-zuerich,0,0,0,0,0,0,0,0,0,0,0,0,0,0,0,1,0,0,0,0,0,0,0,0,NA,NA,NA,NA,NA,NA,NA,NA,NA,NA,NA,NA,NA,NA,NA
schul-berufsschule-pro-1000-einw,2016-01-20,statistisches-amt-kanton-zuerich,https://opendata.swiss/organization/statistisches-amt-kanton-zuerich,0,0,0,0,0,1,0,0,0,0,0,0,0,0,0,0,0,0,0,0,0,0,0,0,NA,NA,NA,NA,NA,NA,NA,NA,NA,NA,NA,NA,NA,NA,NA
neuzulassungen-benzinmotor,2020-05-25,statistisches-amt-kanton-zuerich,https://opendata.swiss/organization/statistisches-amt-kanton-zuerich,0,0,0,0,0,0,0,0,0,0,0,0,1,0,0,0,0,0,0,0,0,0,0,0,NA,NA,NA,NA,NA,NA,NA,NA,NA,NA,NA,NA,NA,NA,NA
bevolkerung-frauenanteil,2016-01-20,statistisches-amt-kanton-zuerich,https://opendata.swiss/organization/statistisches-amt-kanton-zuerich,0,0,0,0,0,0,0,0,0,0,0,0,0,0,0,1,0,0,0,0,0,0,0,0,NA,NA,NA,NA,NA,NA,NA,NA,NA,NA,NA,NA,NA,NA,NA
motorrad-neuzulasssungen-pro-1000-einw-anz,2020-05-25,statistisches-amt-kanton-zuerich,https://opendata.swiss/organization/statistisches-amt-kanton-zuerich,0,0,0,0,0,0,0,0,0,0,0,0,1,0,0,0,0,0,0,0,0,0,0,0,NA,NA,NA,NA,NA,NA,NA,NA,NA,NA,NA,NA,NA,NA,NA
durchschnittliche-haushaltsgrosse-pers,2016-01-20,statistisches-amt-kanton-zuerich,https://opendata.swiss/organization/statistisches-amt-kanton-zuerich,0,0,0,0,0,0,0,0,0,0,0,0,0,0,0,1,0,0,0,0,0,0,0,0,NA,NA,NA,NA,NA,NA,NA,NA,NA,NA,NA,NA,NA,NA,NA
schul-oberstufe-anz,2016-01-20,statistisches-amt-kanton-zuerich,https://opendata.swiss/organization/statistisches-amt-kanton-zuerich,0,0,0,0,0,1,0,0,0,0,0,0,0,0,0,0,0,0,0,0,0,0,0,0,NA,NA,NA,NA,NA,NA,NA,NA,NA,NA,NA,NA,NA,NA,NA
finanzausgleich-des-kantons-zurich,2018-06-18,statistisches-amt-kanton-zuerich,https://opendata.swiss/organization/statistisches-amt-kanton-zuerich,0,0,0,0,0,0,0,1,0,0,0,0,0,0,0,0,0,0,0,0,0,0,0,0,NA,NA,NA,NA,NA,NA,NA,NA,NA,NA,NA,NA,NA,NA,NA
wahlarchiv-regierungsratswahlen,2020-07-07,statistisches-amt-kanton-zuerich,https://opendata.swiss/organization/statistisches-amt-kanton-zuerich,0,0,0,0,0,0,0,0,0,0,0,0,0,0,1,0,0,0,0,0,0,0,0,0,NA,NA,NA,NA,NA,NA,NA,NA,NA,NA,NA,NA,NA,NA,NA
nettoaufwand-kultur-sport-und-freizeit-fr-einw,2016-01-20,statistisches-amt-kanton-zuerich,https://opendata.swiss/organization/statistisches-amt-kanton-zuerich,0,0,0,0,0,0,0,1,0,0,0,0,0,0,0,0,0,0,0,0,0,0,0,0,NA,NA,NA,NA,NA,NA,NA,NA,NA,NA,NA,NA,NA,NA,NA
bauinvestitionen-fr-einw,2016-01-20,statistisches-amt-kanton-zuerich,https://opendata.swiss/organization/statistisches-amt-kanton-zuerich,0,0,1,0,0,0,0,0,0,0,0,0,0,0,0,0,0,0,0,0,0,0,0,0,NA,NA,NA,NA,NA,NA,NA,NA,NA,NA,NA,NA,NA,NA,NA
geb-vol-nebengebaude-anteil,2016-01-20,statistisches-amt-kanton-zuerich,https://opendata.swiss/organization/statistisches-amt-kanton-zuerich,0,0,1,0,0,0,0,0,0,0,0,0,0,0,0,0,0,0,0,0,0,0,0,0,NA,NA,NA,NA,NA,NA,NA,NA,NA,NA,NA,NA,NA,NA,NA
gebaudevolumen-zunahme,2016-01-20,statistisches-amt-kanton-zuerich,https://opendata.swiss/organization/statistisches-amt-kanton-zuerich,0,0,1,0,0,0,0,0,0,0,0,0,0,0,0,0,0,0,0,0,0,0,0,0,NA,NA,NA,NA,NA,NA,NA,NA,NA,NA,NA,NA,NA,NA,NA
schul-sekundarstufe-i-pers-pro-1000-einw,2016-01-20,statistisches-amt-kanton-zuerich,https://opendata.swiss/organization/statistisches-amt-kanton-zuerich,0,0,0,0,0,1,0,0,0,0,0,0,0,0,0,0,0,0,0,0,0,0,0,0,NA,NA,NA,NA,NA,NA,NA,NA,NA,NA,NA,NA,NA,NA,NA
geb-vol-infrastruktur-anteil,2016-01-20,statistisches-amt-kanton-zuerich,https://opendata.swiss/organization/statistisches-amt-kanton-zuerich,0,0,1,0,0,0,0,0,0,0,0,0,0,0,0,0,0,0,0,0,0,0,0,0,NA,NA,NA,NA,NA,NA,NA,NA,NA,NA,NA,NA,NA,NA,NA
bevolkerung-anteil-80-u-m-jahrige,2016-01-20,statistisches-amt-kanton-zuerich,https://opendata.swiss/organization/statistisches-amt-kanton-zuerich,0,0,0,0,0,0,0,0,0,0,0,0,0,0,0,1,0,0,0,0,0,0,0,0,NA,NA,NA,NA,NA,NA,NA,NA,NA,NA,NA,NA,NA,NA,NA
zuzuge,2016-01-20,statistisches-amt-kanton-zuerich,https://opendata.swiss/organization/statistisches-amt-kanton-zuerich,0,0,0,0,0,1,0,0,0,0,0,0,0,0,0,1,0,0,0,0,0,0,0,0,NA,NA,NA,NA,NA,NA,NA,NA,NA,NA,NA,NA,NA,NA,NA
4-personenhaushalte-anz,2016-01-20,statistisches-amt-kanton-zuerich,https://opendata.swiss/organization/statistisches-amt-kanton-zuerich,0,0,0,0,0,0,0,0,0,0,0,0,0,0,0,1,0,0,0,0,0,0,0,0,NA,NA,NA,NA,NA,NA,NA,NA,NA,NA,NA,NA,NA,NA,NA
bauzonen-uberbaut-pro-kopf-m2-einw,2016-01-20,statistisches-amt-kanton-zuerich,https://opendata.swiss/organization/statistisches-amt-kanton-zuerich,0,0,1,0,0,0,0,0,0,0,0,0,0,0,0,0,0,0,0,0,0,0,0,0,NA,NA,NA,NA,NA,NA,NA,NA,NA,NA,NA,NA,NA,NA,NA
steuerertrag-grundsteuern-mio-fr,2016-01-20,statistisches-amt-kanton-zuerich,https://opendata.swiss/organization/statistisches-amt-kanton-zuerich,0,0,0,0,0,0,0,1,0,0,0,0,0,0,0,0,0,0,0,0,0,0,0,0,NA,NA,NA,NA,NA,NA,NA,NA,NA,NA,NA,NA,NA,NA,NA
flache-ha,2016-01-20,statistisches-amt-kanton-zuerich,https://opendata.swiss/organization/statistisches-amt-kanton-zuerich,0,0,0,0,0,0,0,0,1,0,0,0,0,0,0,0,0,0,0,0,0,0,0,0,NA,NA,NA,NA,NA,NA,NA,NA,NA,NA,NA,NA,NA,NA,NA
wanderungsbilanz-pro-1000-einw,2016-01-20,statistisches-amt-kanton-zuerich,https://opendata.swiss/organization/statistisches-amt-kanton-zuerich,0,0,0,0,0,0,0,0,0,0,0,0,0,0,0,1,0,0,0,0,0,0,0,0,NA,NA,NA,NA,NA,NA,NA,NA,NA,NA,NA,NA,NA,NA,NA
anteil-gk-b,2016-09-22,statistisches-amt-kanton-zuerich,https://opendata.swiss/organization/statistisches-amt-kanton-zuerich,0,0,0,0,0,0,0,0,0,0,0,0,1,0,0,0,0,0,0,0,0,0,0,0,NA,NA,NA,NA,NA,NA,NA,NA,NA,NA,NA,NA,NA,NA,NA
nettoaufwand-soziale-sicherheit-fr-einw,2016-01-20,statistisches-amt-kanton-zuerich,https://opendata.swiss/organization/statistisches-amt-kanton-zuerich,0,0,0,0,0,0,0,1,0,0,0,0,0,0,0,0,0,0,0,0,0,0,0,0,NA,NA,NA,NA,NA,NA,NA,NA,NA,NA,NA,NA,NA,NA,NA
arbeitsstatten-im-primarsektor-anz,2016-01-20,statistisches-amt-kanton-zuerich,https://opendata.swiss/organization/statistisches-amt-kanton-zuerich,0,0,0,0,0,0,0,0,0,0,0,0,0,0,0,0,0,0,0,0,0,0,0,1,NA,NA,NA,NA,NA,NA,NA,NA,NA,NA,NA,NA,NA,NA,NA
nrw-wahleranteil-sd,2016-01-20,statistisches-amt-kanton-zuerich,https://opendata.swiss/organization/statistisches-amt-kanton-zuerich,0,0,0,0,0,0,0,0,0,0,0,0,0,0,1,0,0,0,0,0,0,0,0,0,NA,NA,NA,NA,NA,NA,NA,NA,NA,NA,NA,NA,NA,NA,NA
steuerb-vermogen-naturl-pers-25-quantil-fr,2016-01-20,statistisches-amt-kanton-zuerich,https://opendata.swiss/organization/statistisches-amt-kanton-zuerich,0,0,0,0,0,0,0,1,0,0,0,0,0,0,0,0,0,0,0,0,0,0,0,0,NA,NA,NA,NA,NA,NA,NA,NA,NA,NA,NA,NA,NA,NA,NA
5-personenhaushalte-anz,2016-01-20,statistisches-amt-kanton-zuerich,https://opendata.swiss/organization/statistisches-amt-kanton-zuerich,0,0,0,0,0,0,0,0,0,0,0,0,0,0,0,1,0,0,0,0,0,0,0,0,NA,NA,NA,NA,NA,NA,NA,NA,NA,NA,NA,NA,NA,NA,NA
verkaufe-stockwerkeigentum-anz,2016-01-20,statistisches-amt-kanton-zuerich,https://opendata.swiss/organization/statistisches-amt-kanton-zuerich,0,0,1,0,0,0,0,0,0,0,0,0,0,0,0,0,0,0,0,0,0,0,0,0,NA,NA,NA,NA,NA,NA,NA,NA,NA,NA,NA,NA,NA,NA,NA
katholische-kirchensteuerpflichtige-anz,2019-07-01,statistisches-amt-kanton-zuerich,https://opendata.swiss/organization/statistisches-amt-kanton-zuerich,0,0,0,0,0,0,0,1,0,0,0,0,0,0,0,0,0,0,0,0,0,0,0,0,NA,NA,NA,NA,NA,NA,NA,NA,NA,NA,NA,NA,NA,NA,NA
heiraten-pro-1000-einw,2016-01-20,statistisches-amt-kanton-zuerich,https://opendata.swiss/organization/statistisches-amt-kanton-zuerich,0,0,0,0,0,0,0,0,0,0,0,0,0,0,0,1,0,0,0,0,0,0,0,0,NA,NA,NA,NA,NA,NA,NA,NA,NA,NA,NA,NA,NA,NA,NA
steuerertrag-kirchgemeinden-mio-fr,2016-01-20,statistisches-amt-kanton-zuerich,https://opendata.swiss/organization/statistisches-amt-kanton-zuerich,0,0,0,0,0,0,0,1,0,0,0,0,0,0,0,0,0,0,0,0,0,0,0,0,NA,NA,NA,NA,NA,NA,NA,NA,NA,NA,NA,NA,NA,NA,NA
hauptberufliche-landwirtschaftsbetriebe-anz,2016-01-20,statistisches-amt-kanton-zuerich,https://opendata.swiss/organization/statistisches-amt-kanton-zuerich,0,1,1,0,0,0,0,0,0,0,0,0,0,0,0,0,0,0,0,0,0,0,0,1,NA,NA,NA,NA,NA,NA,NA,NA,NA,NA,NA,NA,NA,NA,NA
neuzulassungen-dieselmotor,2020-05-25,statistisches-amt-kanton-zuerich,https://opendata.swiss/organization/statistisches-amt-kanton-zuerich,0,0,0,0,0,0,0,0,0,0,0,0,1,0,0,0,0,0,0,0,0,0,0,0,NA,NA,NA,NA,NA,NA,NA,NA,NA,NA,NA,NA,NA,NA,NA
geb-vol-industrie-lager-anteil,2016-01-20,statistisches-amt-kanton-zuerich,https://opendata.swiss/organization/statistisches-amt-kanton-zuerich,0,0,1,0,0,0,0,0,0,0,0,0,0,0,0,0,0,0,0,0,0,0,0,0,NA,NA,NA,NA,NA,NA,NA,NA,NA,NA,NA,NA,NA,NA,NA
arbeitsstatten-im-sekundarsektor-anz,2016-01-20,statistisches-amt-kanton-zuerich,https://opendata.swiss/organization/statistisches-amt-kanton-zuerich,0,0,0,0,0,0,0,0,0,0,0,0,0,0,0,0,0,0,0,0,0,0,0,1,NA,NA,NA,NA,NA,NA,NA,NA,NA,NA,NA,NA,NA,NA,NA
anteil-6-und-mehr-personenhaushalte,2016-01-20,statistisches-amt-kanton-zuerich,https://opendata.swiss/organization/statistisches-amt-kanton-zuerich,0,0,0,0,0,0,0,0,0,0,0,0,0,0,0,1,0,0,0,0,0,0,0,0,NA,NA,NA,NA,NA,NA,NA,NA,NA,NA,NA,NA,NA,NA,NA
neuzulassungen-elektromotor,2020-05-25,statistisches-amt-kanton-zuerich,https://opendata.swiss/organization/statistisches-amt-kanton-zuerich,0,0,0,0,0,0,0,0,0,0,0,0,1,0,0,0,0,0,0,0,0,0,0,0,NA,NA,NA,NA,NA,NA,NA,NA,NA,NA,NA,NA,NA,NA,NA
zukunftige-bevolkerung-kanton-zurich-und-regionen-nach-geschlecht-und-alter,2020-10-14,statistisches-amt-kanton-zuerich,https://opendata.swiss/organization/statistisches-amt-kanton-zuerich,0,0,0,0,0,0,0,0,0,0,0,0,0,0,0,1,0,0,0,0,0,0,0,0,NA,NA,NA,NA,NA,NA,NA,NA,NA,NA,NA,NA,NA,NA,NA
bauinv-strassen-pp-5-jahre-fr-einw,2016-01-20,statistisches-amt-kanton-zuerich,https://opendata.swiss/organization/statistisches-amt-kanton-zuerich,0,0,1,0,0,0,0,0,0,0,0,0,0,0,0,0,0,0,0,0,0,0,0,0,NA,NA,NA,NA,NA,NA,NA,NA,NA,NA,NA,NA,NA,NA,NA
echtzeitdaten-am-abstimmungstag-des-kantons-zurich,2016-02-26,statistisches-amt-kanton-zuerich,https://opendata.swiss/organization/statistisches-amt-kanton-zuerich,0,0,0,0,0,0,0,0,0,0,0,0,0,0,1,0,0,0,0,0,0,0,0,0,NA,NA,NA,NA,NA,NA,NA,NA,NA,NA,NA,NA,NA,NA,NA
nrw-wahleranteil-evp,2016-01-20,statistisches-amt-kanton-zuerich,https://opendata.swiss/organization/statistisches-amt-kanton-zuerich,0,0,0,0,0,0,0,0,0,0,0,0,0,0,1,0,0,0,0,0,0,0,0,0,NA,NA,NA,NA,NA,NA,NA,NA,NA,NA,NA,NA,NA,NA,NA
geb-vol-infrastruktur-zunahme,2016-01-20,statistisches-amt-kanton-zuerich,https://opendata.swiss/organization/statistisches-amt-kanton-zuerich,0,0,1,0,0,0,0,0,0,0,0,0,0,0,0,0,0,0,0,0,0,0,0,0,NA,NA,NA,NA,NA,NA,NA,NA,NA,NA,NA,NA,NA,NA,NA
geb-vol-wohnen-zunahme,2016-01-20,statistisches-amt-kanton-zuerich,https://opendata.swiss/organization/statistisches-amt-kanton-zuerich,0,0,1,0,0,0,0,0,0,0,0,0,0,0,0,0,0,0,0,0,0,0,0,0,NA,NA,NA,NA,NA,NA,NA,NA,NA,NA,NA,NA,NA,NA,NA
nettoaufwand-allgemeine-verwaltung-fr-einw,2016-01-20,statistisches-amt-kanton-zuerich,https://opendata.swiss/organization/statistisches-amt-kanton-zuerich,0,0,0,0,0,0,0,1,0,0,0,0,0,0,0,0,0,0,0,0,0,0,0,0,NA,NA,NA,NA,NA,NA,NA,NA,NA,NA,NA,NA,NA,NA,NA
nrw-wahleranteil-bdp,2016-01-20,statistisches-amt-kanton-zuerich,https://opendata.swiss/organization/statistisches-amt-kanton-zuerich,0,0,0,0,0,0,0,0,0,0,0,0,0,0,1,0,0,0,0,0,0,0,0,0,NA,NA,NA,NA,NA,NA,NA,NA,NA,NA,NA,NA,NA,NA,NA
wegzuge-pers,2016-01-20,statistisches-amt-kanton-zuerich,https://opendata.swiss/organization/statistisches-amt-kanton-zuerich,0,0,0,0,0,0,0,0,0,0,0,0,0,0,0,1,0,0,0,0,0,0,0,0,NA,NA,NA,NA,NA,NA,NA,NA,NA,NA,NA,NA,NA,NA,NA
bauzonen-nicht-uberbaut-ha,2016-01-20,statistisches-amt-kanton-zuerich,https://opendata.swiss/organization/statistisches-amt-kanton-zuerich,0,0,1,0,0,0,0,0,0,0,0,0,0,0,0,0,0,0,0,0,0,0,0,0,NA,NA,NA,NA,NA,NA,NA,NA,NA,NA,NA,NA,NA,NA,NA
anteil-kirchgemeinden-an-allg-gemeindesteuern,2016-01-20,statistisches-amt-kanton-zuerich,https://opendata.swiss/organization/statistisches-amt-kanton-zuerich,0,0,0,0,0,0,0,1,0,0,0,0,0,0,0,0,0,0,0,0,0,0,0,0,NA,NA,NA,NA,NA,NA,NA,NA,NA,NA,NA,NA,NA,NA,NA
bestand-anderer-antrieb,2020-05-25,statistisches-amt-kanton-zuerich,https://opendata.swiss/organization/statistisches-amt-kanton-zuerich,0,0,0,0,0,0,0,0,0,0,0,0,1,0,0,0,0,0,0,0,0,0,0,0,NA,NA,NA,NA,NA,NA,NA,NA,NA,NA,NA,NA,NA,NA,NA
erwerb-des-schweizer-burgerrechts-pro-1000-einw,2016-01-20,statistisches-amt-kanton-zuerich,https://opendata.swiss/organization/statistisches-amt-kanton-zuerich,0,0,0,0,0,0,0,0,0,0,0,0,0,0,0,1,0,0,0,0,0,0,0,0,NA,NA,NA,NA,NA,NA,NA,NA,NA,NA,NA,NA,NA,NA,NA
anteil-jur-pers-an-allg-gemeindesteuern,2016-01-20,statistisches-amt-kanton-zuerich,https://opendata.swiss/organization/statistisches-amt-kanton-zuerich,0,0,0,0,0,0,0,1,0,0,0,0,0,0,0,0,0,0,0,0,0,0,0,0,NA,NA,NA,NA,NA,NA,NA,NA,NA,NA,NA,NA,NA,NA,NA
steuerb-einkommen-naturl-pers-durchschn-fr,2016-01-20,statistisches-amt-kanton-zuerich,https://opendata.swiss/organization/statistisches-amt-kanton-zuerich,0,0,0,0,0,0,0,1,0,0,0,0,0,0,0,0,0,0,0,0,0,0,0,0,NA,NA,NA,NA,NA,NA,NA,NA,NA,NA,NA,NA,NA,NA,NA
bauinv-wohnen-fr-einw,2016-01-20,statistisches-amt-kanton-zuerich,https://opendata.swiss/organization/statistisches-amt-kanton-zuerich,0,0,1,0,0,0,0,0,0,0,0,0,0,0,0,0,0,0,0,0,0,0,0,0,NA,NA,NA,NA,NA,NA,NA,NA,NA,NA,NA,NA,NA,NA,NA
erwerb-des-schweizer-burgerrechts-pers,2016-01-20,statistisches-amt-kanton-zuerich,https://opendata.swiss/organization/statistisches-amt-kanton-zuerich,0,0,0,0,0,0,0,0,0,0,0,0,0,0,0,1,0,0,0,0,0,0,0,0,NA,NA,NA,NA,NA,NA,NA,NA,NA,NA,NA,NA,NA,NA,NA
nrw-wahleranteil-al,2016-01-20,statistisches-amt-kanton-zuerich,https://opendata.swiss/organization/statistisches-amt-kanton-zuerich,0,0,0,0,0,0,0,0,0,0,0,0,0,0,1,0,0,0,0,0,0,0,0,0,NA,NA,NA,NA,NA,NA,NA,NA,NA,NA,NA,NA,NA,NA,NA
bevolkerung-manner-pers,2016-01-20,statistisches-amt-kanton-zuerich,https://opendata.swiss/organization/statistisches-amt-kanton-zuerich,0,0,0,0,0,0,0,0,0,0,0,0,0,0,0,1,0,0,0,0,0,0,0,0,NA,NA,NA,NA,NA,NA,NA,NA,NA,NA,NA,NA,NA,NA,NA
3-personenhaushalte-anz,2016-01-20,statistisches-amt-kanton-zuerich,https://opendata.swiss/organization/statistisches-amt-kanton-zuerich,0,0,0,0,0,0,0,0,0,0,0,0,0,0,0,1,0,0,0,0,0,0,0,0,NA,NA,NA,NA,NA,NA,NA,NA,NA,NA,NA,NA,NA,NA,NA
pw-neuzulassungen-pro-1000-einw-anz,2020-05-25,statistisches-amt-kanton-zuerich,https://opendata.swiss/organization/statistisches-amt-kanton-zuerich,0,0,0,0,0,0,0,0,0,0,0,0,1,0,0,0,0,0,0,0,0,0,0,0,NA,NA,NA,NA,NA,NA,NA,NA,NA,NA,NA,NA,NA,NA,NA
motorrad-neuzulassungen-anz,2020-05-25,statistisches-amt-kanton-zuerich,https://opendata.swiss/organization/statistisches-amt-kanton-zuerich,0,0,0,0,0,0,0,0,0,0,0,0,1,0,0,0,0,0,0,0,0,0,0,0,NA,NA,NA,NA,NA,NA,NA,NA,NA,NA,NA,NA,NA,NA,NA
anfragestatistik-des-data-shop-im-statistischen-amt-des-kantons-zurich,2020-08-24,statistisches-amt-kanton-zuerich,https://opendata.swiss/organization/statistisches-amt-kanton-zuerich,1,0,0,0,0,0,0,0,0,0,0,0,0,0,0,0,0,0,0,0,0,0,0,0,NA,NA,NA,NA,NA,NA,NA,NA,NA,NA,NA,NA,NA,NA,NA
nettoaufwand-verkehr-und-nachrichtenubermittlung-fr-einw,2016-01-20,statistisches-amt-kanton-zuerich,https://opendata.swiss/organization/statistisches-amt-kanton-zuerich,0,0,0,0,0,0,0,1,0,0,0,0,0,0,0,0,0,0,0,0,0,0,0,0,NA,NA,NA,NA,NA,NA,NA,NA,NA,NA,NA,NA,NA,NA,NA
selbstfinanzierungsanteil,2016-01-20,statistisches-amt-kanton-zuerich,https://opendata.swiss/organization/statistisches-amt-kanton-zuerich,0,0,0,0,0,0,0,1,0,0,0,0,0,0,0,0,0,0,0,0,0,0,0,0,NA,NA,NA,NA,NA,NA,NA,NA,NA,NA,NA,NA,NA,NA,NA
nettoaufwand-offentliche-ordnung-und-sicherheit-fr-einw,2016-01-20,statistisches-amt-kanton-zuerich,https://opendata.swiss/organization/statistisches-amt-kanton-zuerich,0,0,0,0,0,0,0,1,0,0,0,0,0,0,0,0,0,0,0,0,0,0,0,0,NA,NA,NA,NA,NA,NA,NA,NA,NA,NA,NA,NA,NA,NA,NA
neuzulassungen-anderer-antrieb,2020-05-25,statistisches-amt-kanton-zuerich,https://opendata.swiss/organization/statistisches-amt-kanton-zuerich,0,0,0,0,0,0,0,0,0,0,0,0,1,0,0,0,0,0,0,0,0,0,0,0,NA,NA,NA,NA,NA,NA,NA,NA,NA,NA,NA,NA,NA,NA,NA
hotels-anz,2016-01-20,statistisches-amt-kanton-zuerich,https://opendata.swiss/organization/statistisches-amt-kanton-zuerich,0,0,0,0,0,0,0,0,0,0,1,0,0,0,0,0,0,0,0,0,0,0,0,0,NA,NA,NA,NA,NA,NA,NA,NA,NA,NA,NA,NA,NA,NA,NA
bestand-dieselmotor,2020-05-25,statistisches-amt-kanton-zuerich,https://opendata.swiss/organization/statistisches-amt-kanton-zuerich,0,0,0,0,0,0,0,0,0,0,0,0,1,0,0,0,0,0,0,0,0,0,0,0,NA,NA,NA,NA,NA,NA,NA,NA,NA,NA,NA,NA,NA,NA,NA
gemeindebeitrag-an-zvv-fr-einw,2016-01-20,statistisches-amt-kanton-zuerich,https://opendata.swiss/organization/statistisches-amt-kanton-zuerich,0,0,0,0,0,0,0,0,0,0,0,0,1,0,0,0,0,0,0,0,0,0,0,0,NA,NA,NA,NA,NA,NA,NA,NA,NA,NA,NA,NA,NA,NA,NA
nettoaufwand-umweltschutz-und-raumordnung-fr-einw,2016-01-20,statistisches-amt-kanton-zuerich,https://opendata.swiss/organization/statistisches-amt-kanton-zuerich,0,0,0,0,0,0,0,1,0,0,0,0,0,0,0,0,0,0,0,0,0,0,0,0,NA,NA,NA,NA,NA,NA,NA,NA,NA,NA,NA,NA,NA,NA,NA
steuerertrag-politische-schulgemeinde-mio-fr,2016-01-20,statistisches-amt-kanton-zuerich,https://opendata.swiss/organization/statistisches-amt-kanton-zuerich,0,0,0,0,0,0,0,1,0,0,0,0,0,0,0,0,0,0,0,0,0,0,0,0,NA,NA,NA,NA,NA,NA,NA,NA,NA,NA,NA,NA,NA,NA,NA
geb-vol-nebengebaude-zunahme,2016-01-20,statistisches-amt-kanton-zuerich,https://opendata.swiss/organization/statistisches-amt-kanton-zuerich,0,0,1,0,0,0,0,0,0,0,0,0,0,0,0,0,0,0,0,0,0,0,0,0,NA,NA,NA,NA,NA,NA,NA,NA,NA,NA,NA,NA,NA,NA,NA
schul-primarschule-pro-1000-einw,2016-01-20,statistisches-amt-kanton-zuerich,https://opendata.swiss/organization/statistisches-amt-kanton-zuerich,0,0,0,0,0,1,0,0,0,0,0,0,0,0,0,0,0,0,0,0,0,0,0,0,NA,NA,NA,NA,NA,NA,NA,NA,NA,NA,NA,NA,NA,NA,NA
anteil-naturl-pers-an-allg-gemeindesteuern,2016-01-20,statistisches-amt-kanton-zuerich,https://opendata.swiss/organization/statistisches-amt-kanton-zuerich,0,0,0,0,0,0,0,1,0,0,0,0,0,0,0,0,0,0,0,0,0,0,0,0,NA,NA,NA,NA,NA,NA,NA,NA,NA,NA,NA,NA,NA,NA,NA
geb-vol-landwirtschaft-zunahme,2016-01-20,statistisches-amt-kanton-zuerich,https://opendata.swiss/organization/statistisches-amt-kanton-zuerich,0,0,1,0,0,0,0,0,0,0,0,0,0,0,0,0,0,0,0,0,0,0,0,0,NA,NA,NA,NA,NA,NA,NA,NA,NA,NA,NA,NA,NA,NA,NA
neuerstellte-wohnungen-whg,2016-01-20,statistisches-amt-kanton-zuerich,https://opendata.swiss/organization/statistisches-amt-kanton-zuerich,0,0,1,0,0,0,0,0,0,0,0,0,0,0,0,0,0,0,0,0,0,0,0,0,NA,NA,NA,NA,NA,NA,NA,NA,NA,NA,NA,NA,NA,NA,NA
nrw-wahleranteil-fdp,2016-01-20,statistisches-amt-kanton-zuerich,https://opendata.swiss/organization/statistisches-amt-kanton-zuerich,0,0,0,0,0,0,0,0,0,0,0,0,0,0,1,0,0,0,0,0,0,0,0,0,NA,NA,NA,NA,NA,NA,NA,NA,NA,NA,NA,NA,NA,NA,NA
wahlarchiv-kantonsratswahlen,2020-06-05,statistisches-amt-kanton-zuerich,https://opendata.swiss/organization/statistisches-amt-kanton-zuerich,0,0,0,0,0,0,0,0,0,0,0,0,0,0,1,0,0,0,0,0,0,0,0,0,NA,NA,NA,NA,NA,NA,NA,NA,NA,NA,NA,NA,NA,NA,NA
zinsbelastungsanteil,2016-01-20,statistisches-amt-kanton-zuerich,https://opendata.swiss/organization/statistisches-amt-kanton-zuerich,0,0,0,0,0,0,0,1,0,0,0,0,0,0,0,0,0,0,0,0,0,0,0,0,NA,NA,NA,NA,NA,NA,NA,NA,NA,NA,NA,NA,NA,NA,NA
bestand-elektromotor,2020-05-25,statistisches-amt-kanton-zuerich,https://opendata.swiss/organization/statistisches-amt-kanton-zuerich,0,0,0,0,0,0,0,0,0,0,0,0,1,0,0,0,0,0,0,0,0,0,0,0,NA,NA,NA,NA,NA,NA,NA,NA,NA,NA,NA,NA,NA,NA,NA
anteil-5-personenhaushalte,2016-01-20,statistisches-amt-kanton-zuerich,https://opendata.swiss/organization/statistisches-amt-kanton-zuerich,0,0,0,0,0,0,0,0,0,0,0,0,0,0,0,1,0,0,0,0,0,0,0,0,NA,NA,NA,NA,NA,NA,NA,NA,NA,NA,NA,NA,NA,NA,NA
hotelbetten-pro-hotel-anz,2016-01-20,statistisches-amt-kanton-zuerich,https://opendata.swiss/organization/statistisches-amt-kanton-zuerich,0,0,0,0,0,0,0,0,0,0,1,0,0,0,0,0,0,0,0,0,0,0,0,0,NA,NA,NA,NA,NA,NA,NA,NA,NA,NA,NA,NA,NA,NA,NA
wegzuge,2016-01-20,statistisches-amt-kanton-zuerich,https://opendata.swiss/organization/statistisches-amt-kanton-zuerich,0,0,0,0,0,0,0,0,0,0,0,0,0,0,0,1,0,0,0,0,0,0,0,0,NA,NA,NA,NA,NA,NA,NA,NA,NA,NA,NA,NA,NA,NA,NA
bauinv-ver-entsorg-5-jahre-fr-einw,2016-01-20,statistisches-amt-kanton-zuerich,https://opendata.swiss/organization/statistisches-amt-kanton-zuerich,0,0,1,0,0,0,0,0,0,0,0,0,0,0,0,0,0,0,0,0,0,0,0,0,NA,NA,NA,NA,NA,NA,NA,NA,NA,NA,NA,NA,NA,NA,NA
geburtenrate-5-j-mittel-pro-1000-einw,2016-01-20,statistisches-amt-kanton-zuerich,https://opendata.swiss/organization/statistisches-amt-kanton-zuerich,0,0,0,0,0,0,0,0,0,0,0,0,0,0,0,1,0,0,0,0,0,0,0,0,NA,NA,NA,NA,NA,NA,NA,NA,NA,NA,NA,NA,NA,NA,NA
bauinv-ov-kommunik-5-jahre-fr-einw,2016-01-20,statistisches-amt-kanton-zuerich,https://opendata.swiss/organization/statistisches-amt-kanton-zuerich,0,0,1,0,0,0,0,0,0,0,0,0,0,0,0,0,0,0,0,0,0,0,0,0,NA,NA,NA,NA,NA,NA,NA,NA,NA,NA,NA,NA,NA,NA,NA
neuzulassungen-hybridantrieb,2020-05-25,statistisches-amt-kanton-zuerich,https://opendata.swiss/organization/statistisches-amt-kanton-zuerich,0,0,0,0,0,0,0,0,0,0,0,0,1,0,0,0,0,0,0,0,0,0,0,0,NA,NA,NA,NA,NA,NA,NA,NA,NA,NA,NA,NA,NA,NA,NA
schul-primarschule-anz,2016-01-20,statistisches-amt-kanton-zuerich,https://opendata.swiss/organization/statistisches-amt-kanton-zuerich,0,0,0,0,0,1,0,0,0,0,0,0,0,0,0,0,0,0,0,0,0,0,0,0,NA,NA,NA,NA,NA,NA,NA,NA,NA,NA,NA,NA,NA,NA,NA
bevolkerungszunahme-1-jahr,2016-01-20,statistisches-amt-kanton-zuerich,https://opendata.swiss/organization/statistisches-amt-kanton-zuerich,0,0,0,0,0,0,0,0,0,0,0,0,0,0,0,1,0,0,0,0,0,0,0,0,NA,NA,NA,NA,NA,NA,NA,NA,NA,NA,NA,NA,NA,NA,NA
nrw-wahleranteil-svp,2016-01-20,statistisches-amt-kanton-zuerich,https://opendata.swiss/organization/statistisches-amt-kanton-zuerich,0,0,0,0,0,0,0,0,0,0,0,0,0,0,1,0,0,0,0,0,0,0,0,0,NA,NA,NA,NA,NA,NA,NA,NA,NA,NA,NA,NA,NA,NA,NA
wahlarchiv-standeratswahlen,2020-07-07,statistisches-amt-kanton-zuerich,https://opendata.swiss/organization/statistisches-amt-kanton-zuerich,0,0,0,0,0,0,0,0,0,0,0,0,0,0,1,0,0,0,0,0,0,0,0,0,NA,NA,NA,NA,NA,NA,NA,NA,NA,NA,NA,NA,NA,NA,NA
nettoaufwand-volkswirtschaft-fr-einw,2016-01-20,statistisches-amt-kanton-zuerich,https://opendata.swiss/organization/statistisches-amt-kanton-zuerich,0,0,0,0,0,0,0,1,0,0,0,0,0,0,0,0,0,0,0,0,0,0,0,0,NA,NA,NA,NA,NA,NA,NA,NA,NA,NA,NA,NA,NA,NA,NA
schul-berufsschule-anz,2016-01-20,statistisches-amt-kanton-zuerich,https://opendata.swiss/organization/statistisches-amt-kanton-zuerich,0,0,0,0,0,1,0,0,0,0,0,0,0,0,0,0,0,0,0,0,0,0,0,0,NA,NA,NA,NA,NA,NA,NA,NA,NA,NA,NA,NA,NA,NA,NA
arbeitsstatten-im-tertiarsektor-anz,2016-01-20,statistisches-amt-kanton-zuerich,https://opendata.swiss/organization/statistisches-amt-kanton-zuerich,0,0,0,0,0,0,0,0,0,0,0,0,0,0,0,0,0,0,0,0,0,0,0,1,NA,NA,NA,NA,NA,NA,NA,NA,NA,NA,NA,NA,NA,NA,NA
vza-im-primarsektor-anz,2016-01-20,statistisches-amt-kanton-zuerich,https://opendata.swiss/organization/statistisches-amt-kanton-zuerich,0,0,0,0,0,0,0,0,0,0,0,0,0,0,0,0,0,0,0,0,0,0,0,1,NA,NA,NA,NA,NA,NA,NA,NA,NA,NA,NA,NA,NA,NA,NA
anteil-gk-c,2016-09-22,statistisches-amt-kanton-zuerich,https://opendata.swiss/organization/statistisches-amt-kanton-zuerich,0,0,0,0,0,0,0,0,0,0,0,0,1,0,0,0,0,0,0,0,0,0,0,0,NA,NA,NA,NA,NA,NA,NA,NA,NA,NA,NA,NA,NA,NA,NA
pw-neuzulassungen-anz,2020-05-25,statistisches-amt-kanton-zuerich,https://opendata.swiss/organization/statistisches-amt-kanton-zuerich,0,0,0,0,0,0,0,0,0,0,0,0,1,0,0,0,0,0,0,0,0,0,0,0,NA,NA,NA,NA,NA,NA,NA,NA,NA,NA,NA,NA,NA,NA,NA
verkaufe-efh-anz,2016-01-20,statistisches-amt-kanton-zuerich,https://opendata.swiss/organization/statistisches-amt-kanton-zuerich,0,0,1,0,0,0,0,0,0,0,0,0,0,0,0,0,0,0,0,0,0,0,0,0,NA,NA,NA,NA,NA,NA,NA,NA,NA,NA,NA,NA,NA,NA,NA
krw-wahleranteil-bdp,2016-01-20,statistisches-amt-kanton-zuerich,https://opendata.swiss/organization/statistisches-amt-kanton-zuerich,0,0,0,0,0,0,0,0,0,0,0,0,0,0,1,0,0,0,0,0,0,0,0,0,NA,NA,NA,NA,NA,NA,NA,NA,NA,NA,NA,NA,NA,NA,NA
apotheken-pro-1000-einw,2016-01-20,statistisches-amt-kanton-zuerich,https://opendata.swiss/organization/statistisches-amt-kanton-zuerich,0,0,0,0,0,0,0,0,0,1,0,0,0,0,0,0,0,0,0,0,0,0,0,0,NA,NA,NA,NA,NA,NA,NA,NA,NA,NA,NA,NA,NA,NA,NA
zahnarzte-anz,2016-01-20,statistisches-amt-kanton-zuerich,https://opendata.swiss/organization/statistisches-amt-kanton-zuerich,0,0,0,0,0,0,0,0,0,1,0,0,0,0,0,0,0,0,0,0,0,0,0,0,NA,NA,NA,NA,NA,NA,NA,NA,NA,NA,NA,NA,NA,NA,NA
neuerstellte-mfh-wohnungen-whg,2016-01-20,statistisches-amt-kanton-zuerich,https://opendata.swiss/organization/statistisches-amt-kanton-zuerich,0,0,1,0,0,0,0,0,0,0,0,0,0,0,0,0,0,0,0,0,0,0,0,0,NA,NA,NA,NA,NA,NA,NA,NA,NA,NA,NA,NA,NA,NA,NA
reingewinn-juristische-personen-mio-fr,2016-01-20,statistisches-amt-kanton-zuerich,https://opendata.swiss/organization/statistisches-amt-kanton-zuerich,0,0,0,0,0,0,0,1,0,0,0,0,0,0,0,0,0,0,0,0,0,0,0,0,NA,NA,NA,NA,NA,NA,NA,NA,NA,NA,NA,NA,NA,NA,NA
schul-mittelschule-anz,2016-01-20,statistisches-amt-kanton-zuerich,https://opendata.swiss/organization/statistisches-amt-kanton-zuerich,0,0,0,0,0,1,0,0,0,0,0,0,0,0,0,0,0,0,0,0,0,0,0,0,NA,NA,NA,NA,NA,NA,NA,NA,NA,NA,NA,NA,NA,NA,NA
anteil-pol-schulgem-an-allg-gemeindesteuern,2016-01-20,statistisches-amt-kanton-zuerich,https://opendata.swiss/organization/statistisches-amt-kanton-zuerich,0,0,0,0,0,0,0,1,0,0,0,0,0,0,0,0,0,0,0,0,0,0,0,0,NA,NA,NA,NA,NA,NA,NA,NA,NA,NA,NA,NA,NA,NA,NA
o-eigenkapital-steuerpfl-jur-pers-1000-fr,2016-01-20,statistisches-amt-kanton-zuerich,https://opendata.swiss/organization/statistisches-amt-kanton-zuerich,0,0,0,0,0,0,0,1,0,0,0,0,0,0,0,0,0,0,0,0,0,0,0,0,NA,NA,NA,NA,NA,NA,NA,NA,NA,NA,NA,NA,NA,NA,NA
anteil-gk-d,2016-09-22,statistisches-amt-kanton-zuerich,https://opendata.swiss/organization/statistisches-amt-kanton-zuerich,0,0,0,0,0,0,0,0,0,0,0,0,1,0,0,0,0,0,0,0,0,0,0,0,NA,NA,NA,NA,NA,NA,NA,NA,NA,NA,NA,NA,NA,NA,NA
panaschierstatistik-zu-den-zurcher-kantonsratswahlen,2019-03-19,statistisches-amt-kanton-zuerich,https://opendata.swiss/organization/statistisches-amt-kanton-zuerich,0,0,0,0,0,0,0,0,0,0,0,0,0,0,1,0,0,0,0,0,0,0,0,0,NA,NA,NA,NA,NA,NA,NA,NA,NA,NA,NA,NA,NA,NA,NA
aerzte-anz,2016-01-20,statistisches-amt-kanton-zuerich,https://opendata.swiss/organization/statistisches-amt-kanton-zuerich,0,0,0,0,0,0,0,0,0,1,0,0,0,0,0,0,0,0,0,0,0,0,0,0,NA,NA,NA,NA,NA,NA,NA,NA,NA,NA,NA,NA,NA,NA,NA
steuerb-einkommen-naturl-pers-75-quantil-fr,2016-01-20,statistisches-amt-kanton-zuerich,https://opendata.swiss/organization/statistisches-amt-kanton-zuerich,0,0,0,0,0,0,0,1,0,0,0,0,0,0,0,0,0,0,0,0,0,0,0,0,NA,NA,NA,NA,NA,NA,NA,NA,NA,NA,NA,NA,NA,NA,NA
anteil-2-personenhaushalte,2016-01-20,statistisches-amt-kanton-zuerich,https://opendata.swiss/organization/statistisches-amt-kanton-zuerich,0,0,0,0,0,0,0,0,0,0,0,0,0,0,0,1,0,0,0,0,0,0,0,0,NA,NA,NA,NA,NA,NA,NA,NA,NA,NA,NA,NA,NA,NA,NA
abstimmungsarchiv-des-kantons-zurich1,2016-02-26,statistisches-amt-kanton-zuerich,https://opendata.swiss/organization/statistisches-amt-kanton-zuerich,0,0,0,0,0,0,0,0,0,0,0,0,0,0,1,0,0,0,0,0,0,0,0,0,NA,NA,NA,NA,NA,NA,NA,NA,NA,NA,NA,NA,NA,NA,NA
wahlarchiv-des-kantons-zurich,2019-03-25,statistisches-amt-kanton-zuerich,https://opendata.swiss/organization/statistisches-amt-kanton-zuerich,0,0,0,0,0,0,0,0,0,0,0,0,0,0,1,0,0,0,0,0,0,0,0,0,NA,NA,NA,NA,NA,NA,NA,NA,NA,NA,NA,NA,NA,NA,NA
nrw-wahleranteil-gp,2016-01-20,statistisches-amt-kanton-zuerich,https://opendata.swiss/organization/statistisches-amt-kanton-zuerich,0,0,0,0,0,0,0,0,0,0,0,0,0,0,1,0,0,0,0,0,0,0,0,0,NA,NA,NA,NA,NA,NA,NA,NA,NA,NA,NA,NA,NA,NA,NA
anteil-teilzeitbeschaftigte-landwirtschaft,2016-01-20,statistisches-amt-kanton-zuerich,https://opendata.swiss/organization/statistisches-amt-kanton-zuerich,0,1,0,0,0,0,0,0,0,0,0,0,0,0,0,0,0,0,0,0,0,0,0,0,NA,NA,NA,NA,NA,NA,NA,NA,NA,NA,NA,NA,NA,NA,NA
panaschierstatistik-zu-den-nationalratswahlen-im-kanton-zurich,2019-10-21,statistisches-amt-kanton-zuerich,https://opendata.swiss/organization/statistisches-amt-kanton-zuerich,0,0,0,0,0,0,0,0,0,0,0,0,0,0,1,0,0,0,0,0,0,0,0,0,NA,NA,NA,NA,NA,NA,NA,NA,NA,NA,NA,NA,NA,NA,NA
hohe-m-u-m,2016-01-20,statistisches-amt-kanton-zuerich,https://opendata.swiss/organization/statistisches-amt-kanton-zuerich,0,0,0,0,0,0,0,0,1,0,0,0,0,0,0,0,0,0,0,0,0,0,0,0,NA,NA,NA,NA,NA,NA,NA,NA,NA,NA,NA,NA,NA,NA,NA
geb-vol-dienstleistungen-anteil,2016-01-20,statistisches-amt-kanton-zuerich,https://opendata.swiss/organization/statistisches-amt-kanton-zuerich,0,0,1,0,0,0,0,0,0,0,0,0,0,0,0,0,0,0,0,0,0,0,0,0,NA,NA,NA,NA,NA,NA,NA,NA,NA,NA,NA,NA,NA,NA,NA
geb-vol-wohnen-anteil,2016-01-20,statistisches-amt-kanton-zuerich,https://opendata.swiss/organization/statistisches-amt-kanton-zuerich,0,0,1,0,0,0,0,0,0,0,0,0,0,0,0,0,0,0,0,0,0,0,0,0,NA,NA,NA,NA,NA,NA,NA,NA,NA,NA,NA,NA,NA,NA,NA
hotelbetten-anz,2016-01-20,statistisches-amt-kanton-zuerich,https://opendata.swiss/organization/statistisches-amt-kanton-zuerich,0,0,0,0,0,0,0,0,0,0,1,0,0,0,0,0,0,0,0,0,0,0,0,0,NA,NA,NA,NA,NA,NA,NA,NA,NA,NA,NA,NA,NA,NA,NA
nrw-wahleranteil-edu,2016-01-20,statistisches-amt-kanton-zuerich,https://opendata.swiss/organization/statistisches-amt-kanton-zuerich,0,0,0,0,0,0,0,0,0,0,0,0,0,0,1,0,0,0,0,0,0,0,0,0,NA,NA,NA,NA,NA,NA,NA,NA,NA,NA,NA,NA,NA,NA,NA
steuerpflichtige-juristische-personen-anz,2016-01-20,statistisches-amt-kanton-zuerich,https://opendata.swiss/organization/statistisches-amt-kanton-zuerich,0,0,0,0,0,0,0,1,0,0,0,0,0,0,0,0,0,0,0,0,0,0,0,0,NA,NA,NA,NA,NA,NA,NA,NA,NA,NA,NA,NA,NA,NA,NA
anteil-waldflache,2016-01-20,statistisches-amt-kanton-zuerich,https://opendata.swiss/organization/statistisches-amt-kanton-zuerich,0,0,0,0,0,0,0,0,1,0,0,0,0,0,0,0,0,0,0,0,0,0,0,0,NA,NA,NA,NA,NA,NA,NA,NA,NA,NA,NA,NA,NA,NA,NA
sterberate-5-j-mittel-pro-1000-einw,2016-01-20,statistisches-amt-kanton-zuerich,https://opendata.swiss/organization/statistisches-amt-kanton-zuerich,0,0,0,0,0,0,0,0,0,0,0,0,0,0,0,1,0,0,0,0,0,0,0,0,NA,NA,NA,NA,NA,NA,NA,NA,NA,NA,NA,NA,NA,NA,NA
schul-sekundarstufe-ii-pers-pro-1000-einw,2016-01-20,statistisches-amt-kanton-zuerich,https://opendata.swiss/organization/statistisches-amt-kanton-zuerich,0,0,0,0,0,1,0,0,0,0,0,0,0,0,0,0,0,0,0,0,0,0,0,0,NA,NA,NA,NA,NA,NA,NA,NA,NA,NA,NA,NA,NA,NA,NA
steuerb-vermogen-naturl-pers-median-fr,2016-01-20,statistisches-amt-kanton-zuerich,https://opendata.swiss/organization/statistisches-amt-kanton-zuerich,0,0,0,0,0,0,0,1,0,0,0,0,0,0,0,0,0,0,0,0,0,0,0,0,NA,NA,NA,NA,NA,NA,NA,NA,NA,NA,NA,NA,NA,NA,NA
jugendquotient,2016-01-20,statistisches-amt-kanton-zuerich,https://opendata.swiss/organization/statistisches-amt-kanton-zuerich,0,0,0,0,0,0,0,0,0,0,0,0,0,0,0,1,0,0,0,0,0,0,0,0,NA,NA,NA,NA,NA,NA,NA,NA,NA,NA,NA,NA,NA,NA,NA
bevolkerung-ubrige-andere-ohne-konfession-pers,2016-01-20,statistisches-amt-kanton-zuerich,https://opendata.swiss/organization/statistisches-amt-kanton-zuerich,0,0,0,0,0,0,0,0,0,0,0,0,0,0,0,1,0,0,0,0,0,0,0,0,NA,NA,NA,NA,NA,NA,NA,NA,NA,NA,NA,NA,NA,NA,NA
vza-im-sekundarsektor-anz,2016-01-20,statistisches-amt-kanton-zuerich,https://opendata.swiss/organization/statistisches-amt-kanton-zuerich,0,0,0,0,0,0,0,0,0,0,0,0,0,0,0,0,0,0,0,0,0,0,0,1,NA,NA,NA,NA,NA,NA,NA,NA,NA,NA,NA,NA,NA,NA,NA
bauinv-efh-5-jahre-fr-einw,2016-01-20,statistisches-amt-kanton-zuerich,https://opendata.swiss/organization/statistisches-amt-kanton-zuerich,0,0,1,0,0,0,0,0,0,0,0,0,0,0,0,0,0,0,0,0,0,0,0,0,NA,NA,NA,NA,NA,NA,NA,NA,NA,NA,NA,NA,NA,NA,NA
